Workbook

Sheet Brawler
B3: =References!$F$2 -> Name | D3: Wait | G3: =References!$F$2 -> Name | I3: Strike | L3: =References!$F$2 -> Name | N3: Heavy Strike
B4: =References!$F$3 -> Class | D4: =References!$E$2 -> Creature | G4: =References!$F$3 -> Class | I4: =References!$E$2 -> Creature | L4: =References!$F$3 -> Class | N4: =References!$E$2 -> Creature
B5: =References!$F$4 -> Type | G5: =References!$F$4 -> Type | I5: =References!$B$2 -> Offensive | L5: =References!$F$4 -> Type | N5: =References!$B$2 -> Offensive
B6: =References!$F$5 -> Nb. Targets | G6: =References!$F$5 -> Nb. Targets | I6: 1 | L6: =References!$F$5 -> Nb. Targets | N6: 1
B7: =References!$F$6 -> Energy cost | D7: 0 | G7: =References!$F$6 -> Energy cost | I7: 1 | L7: =References!$F$6 -> Energy cost | N7: 2
B8: Initiative | D8: 1 | G8: Initiative | I8: 1 | L8: Initiative | N8: 1
B9: Critical Chance | D9: 0 | G9: Critical Chance | I9: 0 | L9: Critical Chance | N9: 0
B10: =References!$G$2 -> Type | C10: =References!$G$3 -> Stat | D10: =References!$G$7 -> Nb | E10: =References!$G$8 -> Turns | G10: =References!$G$2 -> Type | H10: =References!$G$3 -> Stat | I10: =References!$G$7 -> Nb | J10: =References!$G$8 -> Turns | L10: =References!$G$2 -> Type | M10: =References!$G$3 -> Stat | N10: =References!$G$7 -> Nb | O10: =References!$G$8 -> Turns
G11: =References!$C$2 -> Direct | H11: =References!$A$2 -> dmg | I11: 2 | L11: =References!$C$2 -> Direct | M11: =References!$A$2 -> dmg | N11: 3
B17: =References!$F$2 -> Name | D17: Pummel | G17: =References!$F$2 -> Name | I17: Guard
B18: =References!$F$3 -> Class | D18: =References!$D$2 -> Brawler | G18: =References!$F$3 -> Class | I18: =References!$D$2 -> Brawler
B19: =References!$F$4 -> Type | D19: =References!$B$2 -> Offensive | G19: =References!$F$4 -> Type | I19: =References!$B$3 -> Defensive
B20: =References!$F$5 -> Nb. Targets | D20: 1 | G20: =References!$F$5 -> Nb. Targets | I20: 1
B21: =References!$F$6 -> Energy cost | D21: 1 | G21: =References!$F$6 -> Energy cost | I21: 1
B22: Initiative | D22: 1 | G22: Initiative | I22: 1
B23: Critical Chance | D23: 0.667 | G23: Critical Chance | I23: 0
B24: =References!$G$2 -> Type | C24: =References!$G$3 -> Stat | D24: =References!$G$7 -> Nb | E24: =References!$G$8 -> Turns | G24: =References!$G$2 -> Type | H24: =References!$G$3 -> Stat | I24: =References!$G$7 -> Nb | J24: =References!$G$8 -> Turns
B25: =References!$C$2 -> Direct | C25: =References!$A$2 -> dmg | D25: 2 | G25: =References!$C$2 -> Direct | H25: =References!$A$5 -> def | I25: 1
G26: =References!$C$3 -> Temp | H26: =References!$A$5 -> def | I26: 1 | J26: 2
C30: =References!$F$2 -> Name | E30: Protective Slam | M30: =References!$F$2 -> Name | O30: Full Plate | W30: =References!$F$2 -> Name | Y30: Enraged Charge
C31: =References!$F$3 -> Class | E31: =References!$E$3 -> Mercenary | M31: =References!$F$3 -> Class | O31: =References!$E$4 -> Warlord | W31: =References!$F$3 -> Class | Y31: =References!$E$5 -> Berserker
C32: =References!$F$4 -> Type | E32: =References!$B$2 -> Offensive | M32: =References!$F$4 -> Type | O32: =References!$B$4 -> Passive | W32: =References!$F$4 -> Type | Y32: =References!$B$2 -> Offensive
C33: =References!$F$5 -> Nb. Targets | E33: 1 | M33: =References!$F$5 -> Nb. Targets | W33: =References!$F$5 -> Nb. Targets | Y33: 1
C34: =References!$F$6 -> Energy cost | E34: 2 | M34: =References!$F$6 -> Energy cost | W34: =References!$F$6 -> Energy cost | Y34: 3
C35: Initiative | E35: 1 | M35: Initiative | O35: 1 | W35: Initiative | Y35: 1
C36: Critical Chance | E36: 0.33 | M36: Critical Chance | O36: 0 | W36: Critical Chance | Y36: 0
C37: =References!$G$2 -> Type | D37: =References!$G$3 -> Stat | E37: =References!$G$7 -> Nb | F37: =References!$G$8 -> Turns | M37: =References!$G$2 -> Type | N37: =References!$G$3 -> Stat | O37: =References!$G$7 -> Nb | P37: =References!$G$8 -> Turns | W37: =References!$G$2 -> Type | X37: =References!$G$3 -> Stat | Y37: =References!$G$7 -> Nb | Z37: =References!$G$8 -> Turns
C38: =References!$C$2 -> Direct | D38: =References!$A$2 -> dmg | E38: 3 | M38: =References!$B$4 -> Passive | N38: =References!$A$5 -> def | O38: 1 | W38: =References!$C$2 -> Direct | X38: =References!$A$2 -> dmg | Y38: 4
C39: =References!$C$4 -> SelfDirect | D39: =References!$A$5 -> def | E39: 1 | W39: =References!$C$2 -> Direct | X39: =References!$A$2 -> dmg | Y39: 3
C40: =References!$C$5 -> SelfTemp | D40: =References!$A$5 -> def | E40: 1 | F40: 2
A45: =References!$F$2 -> Name | C45: Chain Slash | F45: =References!$F$2 -> Name | H45: Thundering Seal | K45: =References!$F$2 -> Name | M45: Crushing Stomp | P45: =References!$F$2 -> Name | R45: Restorative Gush | U45: =References!$F$2 -> Name | W45: Tornado | Z45: =References!$F$2 -> Name | AB45: Psycho Rush
A46: =References!$F$3 -> Class | C46: =References!$E$3 -> Mercenary | F46: =References!$F$3 -> Class | H46: =References!$E$3 -> Mercenary | K46: =References!$F$3 -> Class | M46: =References!$E$4 -> Warlord | P46: =References!$F$3 -> Class | R46: =References!$E$4 -> Warlord | U46: =References!$F$3 -> Class | W46: =References!$E$5 -> Berserker | Z46: =References!$F$3 -> Class | AB46: =References!$E$5 -> Berserker
A47: =References!$F$4 -> Type | C47: =References!$B$2 -> Offensive | F47: =References!$F$4 -> Type | H47: =References!$B$3 -> Defensive | K47: =References!$F$4 -> Type | M47: =References!$B$2 -> Offensive | P47: =References!$F$4 -> Type | R47: =References!$B$3 -> Defensive | U47: =References!$F$4 -> Type | W47: =References!$B$3 -> Defensive | Z47: =References!$F$4 -> Type | AB47: =References!$B$2 -> Offensive
A48: =References!$F$5 -> Nb. Targets | C48: 2 | F48: =References!$F$5 -> Nb. Targets | H48: 1 | K48: =References!$F$5 -> Nb. Targets | M48: 1 | P48: =References!$F$5 -> Nb. Targets | R48: 1 | U48: =References!$F$5 -> Nb. Targets | W48: 3 | Z48: =References!$F$5 -> Nb. Targets | AB48: 1
A49: =References!$F$6 -> Energy cost | C49: 3 | F49: =References!$F$6 -> Energy cost | H49: 2 | K49: =References!$F$6 -> Energy cost | M49: 4 | P49: =References!$F$6 -> Energy cost | R49: 2 | U49: =References!$F$6 -> Energy cost | W49: 2 | Z49: =References!$F$6 -> Energy cost | AB49: 3
A50: Initiative | C50: 2 | F50: Initiative | H50: 2 | K50: Initiative | M50: 1 | P50: Initiative | R50: 2 | U50: Initiative | W50: 1 | Z50: Initiative | AB50: 1
A51: Critical Chance | C51: 0.5 | F51: Critical Chance | H51: 0 | K51: Critical Chance | M51: 0.667 | P51: Critical Chance | R51: 0.17 | U51: Critical Chance | W51: 0.33 | Z51: Critical Chance | AB51: 0.33
A52: =References!$G$2 -> Type | B52: =References!$G$3 -> Stat | C52: =References!$G$7 -> Nb | D52: =References!$G$8 -> Turns | F52: =References!$G$2 -> Type | G52: =References!$G$3 -> Stat | H52: =References!$G$7 -> Nb | I52: =References!$G$8 -> Turns | K52: =References!$G$2 -> Type | L52: =References!$G$3 -> Stat | M52: =References!$G$7 -> Nb | N52: =References!$G$8 -> Turns | P52: =References!$G$2 -> Type | Q52: =References!$G$3 -> Stat | R52: =References!$G$7 -> Nb | S52: =References!$G$8 -> Turns | U52: =References!$G$2 -> Type | V52: =References!$G$3 -> Stat | W52: =References!$G$7 -> Nb | X52: =References!$G$8 -> Turns | Z52: =References!$G$2 -> Type | AA52: =References!$G$3 -> Stat | AB52: =References!$G$7 -> Nb | AC52: =References!$G$8 -> Turns
A53: =References!$C$2 -> Direct | B53: =References!$A$2 -> dmg | C53: 5 | F53: =References!$C$2 -> Direct | G53: =References!$A$5 -> def | H53: 2 | K53: =References!$C$2 -> Direct | L53: =References!$A$2 -> dmg | M53: 6 | P53: =References!$C$2 -> Direct | Q53: =References!$A$3 -> hp | R53: 6 | U53: =References!$C$2 -> Direct | V53: =References!$A$2 -> dmg | W53: 4 | Z53: =References!$C$2 -> Direct | AA53: =References!$A$2 -> dmg | AB53: 9
F54: =References!$C$2 -> Direct | G54: =References!$A$7 -> rtl | H54: 2 | K54: =References!$C$2 -> Direct | L54: =References!$A$8 -> stun | M54: 1 | Z54: =References!$C$5 -> SelfTemp | AA54: =References!$A$5 -> def | AB54: -2 | AC54: 1
F55: =References!$C$3 -> Temp | G55: =References!$A$5 -> def | H55: 2 | I55: 1
F56: =References!$C$3 -> Temp | G56: =References!$A$7 -> rtl | H56: 2 | I56: 1

Sheet Scoundrel
B3: =References!$F$2 -> Name | D3: Wait | G3: =References!$F$2 -> Name | I3: Strike | L3: =References!$F$2 -> Name | N3: Heavy Strike
B4: =References!$F$3 -> Class | D4: =References!$E$2 -> Creature | G4: =References!$F$3 -> Class | I4: =References!$E$2 -> Creature | L4: =References!$F$3 -> Class | N4: =References!$E$2 -> Creature
B5: =References!$F$4 -> Type | G5: =References!$F$4 -> Type | I5: =References!$B$2 -> Offensive | L5: =References!$F$4 -> Type | N5: =References!$B$2 -> Offensive
B6: =References!$F$5 -> Nb. Targets | G6: =References!$F$5 -> Nb. Targets | I6: 1 | L6: =References!$F$5 -> Nb. Targets | N6: 1
B7: =References!$F$6 -> Energy cost | D7: 0 | G7: =References!$F$6 -> Energy cost | I7: 1 | L7: =References!$F$6 -> Energy cost | N7: 2
B8: Initiative | D8: 1 | G8: Initiative | I8: 1 | L8: Initiative | N8: 1
B9: Critical Chance | D9: 0 | G9: Critical Chance | I9: 0 | L9: Critical Chance | N9: 0
B10: =References!$G$2 -> Type | C10: =References!$G$3 -> Stat | D10: =References!$G$7 -> Nb | E10: =References!$G$8 -> Turns | G10: =References!$G$2 -> Type | H10: =References!$G$3 -> Stat | I10: =References!$G$7 -> Nb | J10: =References!$G$8 -> Turns | L10: =References!$G$2 -> Type | M10: =References!$G$3 -> Stat | N10: =References!$G$7 -> Nb | O10: =References!$G$8 -> Turns
G11: =References!$C$2 -> Direct | H11: =References!$A$2 -> dmg | I11: 2 | L11: =References!$C$2 -> Direct | M11: =References!$A$2 -> dmg | N11: 3
B17: =References!$F$2 -> Name | D17: Poison Slash | G17: =References!$F$2 -> Name | I17: Throwing Star
B18: =References!$F$3 -> Class | D18: =References!$D$3 -> Scoundrel | G18: =References!$F$3 -> Class | I18: =References!$D$3 -> Scoundrel
B19: =References!$F$4 -> Type | D19: =References!$B$2 -> Offensive | G19: =References!$F$4 -> Type | I19: =References!$B$2 -> Offensive
B20: =References!$F$5 -> Nb. Targets | D20: 1 | G20: =References!$F$5 -> Nb. Targets | I20: 1
B21: =References!$F$6 -> Energy cost | D21: 2 | G21: =References!$F$6 -> Energy cost | I21: 1
B22: Initiative | D22: 1 | G22: Initiative | I22: 2
B23: Critical Chance | D23: 0 | G23: Critical Chance | I23: 0
B24: =References!$G$2 -> Type | C24: =References!$G$3 -> Stat | D24: =References!$G$7 -> Nb | E24: =References!$G$8 -> Turns | G24: =References!$G$2 -> Type | H24: =References!$G$3 -> Stat | I24: =References!$G$7 -> Nb | J24: =References!$G$8 -> Turns
B25: =References!$C$2 -> Direct | C25: =References!$A$2 -> dmg | D25: 2 | G25: =References!$C$2 -> Direct | H25: =References!$A$2 -> dmg | I25: 2
B26: =References!$C$3 -> Temp | C26: =References!$A$2 -> dmg | D26: 1 | E26: 2
H28: l
C30: =References!$F$2 -> Name | E30: Parasite Jab | M30: =References!$F$2 -> Name | O30: Momentum | W30: =References!$F$2 -> Name | Y30: Noxious Cure
C31: =References!$F$3 -> Class | E31: =References!$E$10 -> Leech | M31: =References!$F$3 -> Class | O31: =References!$E$7 -> Assassin | W31: =References!$F$3 -> Class | Y31: =References!$E$6 -> Trickster
C32: =References!$F$4 -> Type | E32: =References!$B$2 -> Offensive | M32: =References!$F$4 -> Type | O32: =References!$B$4 -> Passive | W32: =References!$F$4 -> Type | Y32: =References!$B$3 -> Defensive
C33: =References!$F$5 -> Nb. Targets | E33: 1 | M33: =References!$F$5 -> Nb. Targets | W33: =References!$F$5 -> Nb. Targets | Y33: 3
C34: =References!$F$6 -> Energy cost | E34: 2 | M34: =References!$F$6 -> Energy cost | W34: =References!$F$6 -> Energy cost | Y34: 2
C35: Initiative | E35: 1 | M35: Initiative | O35: 3 | W35: Initiative | Y35: 1
C36: Critical Chance | E36: 0.5 | M36: Critical Chance | O36: 0 | W36: Critical Chance | Y36: 0.333
C37: =References!$G$2 -> Type | D37: =References!$G$3 -> Stat | E37: =References!$G$7 -> Nb | F37: =References!$G$8 -> Turns | M37: =References!$G$2 -> Type | N37: =References!$G$3 -> Stat | O37: =References!$G$7 -> Nb | P37: =References!$G$8 -> Turns | W37: =References!$G$2 -> Type | X37: =References!$G$3 -> Stat | Y37: =References!$G$7 -> Nb | Z37: =References!$G$8 -> Turns
C38: =References!$C$2 -> Direct | D38: =References!$A$2 -> dmg | E38: 2 | W38: =References!$C$2 -> Direct | X38: =References!$A$3 -> hp | Y38: 3
C39: =References!$C$4 -> SelfDirect | D39: =References!$A$3 -> hp | E39: 2 | W39: =References!$C$2 -> Direct | X39: def | Y39: -2
A45: =References!$F$2 -> Name | C45: Hateful Sacrifice | F45: =References!$F$2 -> Name | H45: Soul Devourer | K45: =References!$F$2 -> Name | M45: Death Squad | P45: =References!$F$2 -> Name | R45: Mortal Wound | U45: =References!$F$2 -> Name | W45: Tranquilizer Dart | Z45: =References!$F$2 -> Name | AB45: Infectious Blast
A46: =References!$F$3 -> Class | C46: =References!$E$10 -> Leech | F46: =References!$F$3 -> Class | H46: =References!$E$10 -> Leech | K46: =References!$F$3 -> Class | M46: =References!$E$7 -> Assassin | P46: =References!$F$3 -> Class | R46: =References!$E$7 -> Assassin | U46: =References!$F$3 -> Class | W46: =References!$E$6 -> Trickster | Z46: =References!$F$3 -> Class | AB46: =References!$E$6 -> Trickster
A47: =References!$F$4 -> Type | C47: =References!$B$2 -> Offensive | F47: =References!$F$4 -> Type | H47: =References!$B$3 -> Defensive | K47: =References!$F$4 -> Type | M47: =References!$B$3 -> Defensive | P47: =References!$F$4 -> Type | R47: =References!$B$3 -> Defensive | U47: =References!$F$4 -> Type | W47: =References!$B$2 -> Offensive | Z47: =References!$F$4 -> Type | AB47: =References!$B$2 -> Offensive
A48: =References!$F$5 -> Nb. Targets | C48: 1 | F48: =References!$F$5 -> Nb. Targets | H48: 1 | K48: =References!$F$5 -> Nb. Targets | M48: 3 | P48: =References!$F$5 -> Nb. Targets | R48: 1 | U48: =References!$F$5 -> Nb. Targets | W48: 1 | Z48: =References!$F$5 -> Nb. Targets | AB48: 3
A49: =References!$F$6 -> Energy cost | C49: 3 | F49: =References!$F$6 -> Energy cost | H49: 3 | K49: =References!$F$6 -> Energy cost | M49: 2 | P49: =References!$F$6 -> Energy cost | R49: 3 | U49: =References!$F$6 -> Energy cost | W49: 3 | Z49: =References!$F$6 -> Energy cost | AB49: 1
A50: Initiative | C50: 3 | F50: Initiative | H50: 2 | K50: Initiative | M50: 3 | P50: Initiative | R50: 2 | U50: Initiative | W50: 2 | Z50: Initiative | AB50: 2
A51: Critical Chance | C51: 0.5 | F51: Critical Chance | H51: 0 | K51: Critical Chance | M51: 0 | P51: Critical Chance | R51: 0.5 | U51: Critical Chance | W51: 0 | Z51: Critical Chance | AB51: 0
A52: =References!$G$2 -> Type | B52: =References!$G$3 -> Stat | C52: =References!$G$7 -> Nb | D52: =References!$G$8 -> Turns | F52: =References!$G$2 -> Type | G52: =References!$G$3 -> Stat | H52: =References!$G$7 -> Nb | I52: =References!$G$8 -> Turns | K52: =References!$G$2 -> Type | L52: =References!$G$3 -> Stat | M52: =References!$G$7 -> Nb | N52: =References!$G$8 -> Turns | P52: =References!$G$2 -> Type | Q52: =References!$G$3 -> Stat | R52: =References!$G$7 -> Nb | S52: =References!$G$8 -> Turns | U52: =References!$G$2 -> Type | V52: =References!$G$3 -> Stat | W52: =References!$G$7 -> Nb | X52: =References!$G$8 -> Turns | Z52: =References!$G$2 -> Type | AA52: =References!$G$3 -> Stat | AB52: =References!$G$7 -> Nb | AC52: =References!$G$8 -> Turns
A53: =References!$C$2 -> Direct | B53: =References!$A$2 -> dmg | C53: 10 | F53: =References!$C$2 -> Direct | G53: =References!$A$2 -> dmg | H53: 3 | K53: Temp | L53: init | M53: same | N53: 1 | P53: =References!$C$2 -> Direct | Q53: =References!$A$2 -> dmg | R53: 4 | U53: =References!$C$2 -> Direct | V53: =References!$A$2 -> dmg | W53: 3 | Z53: =References!$C$2 -> Direct | AA53: =References!$A$5 -> def | AB53: 2
A54: =References!$C$4 -> SelfDirect | B54: =References!$A$3 -> hp | C54: -4 | F54: =References!$C$2 -> Direct | G54: =References!$A$4 -> enrg | H54: 2 | K54: Temp | L54: crit | M54: 1 | N54: 1 | P54: Temp | Q54: dmg | R54: 4 | S54: 2 | U54: =References!$C$2 -> Direct | V54: =References!$A$8 -> stun | W54: 1

Sheet Sorcerer
B3: =References!$F$2 -> Name | D3: Wait | G3: =References!$F$2 -> Name | I3: Strike | L3: =References!$F$2 -> Name | N3: Heavy Strike
B4: =References!$F$3 -> Class | D4: =References!$E$2 -> Creature | G4: =References!$F$3 -> Class | I4: =References!$E$2 -> Creature | L4: =References!$F$3 -> Class | N4: =References!$E$2 -> Creature
B5: =References!$F$4 -> Type | G5: =References!$F$4 -> Type | I5: =References!$B$2 -> Offensive | L5: =References!$F$4 -> Type | N5: =References!$B$2 -> Offensive
B6: =References!$F$5 -> Nb. Targets | G6: =References!$F$5 -> Nb. Targets | I6: 1 | L6: =References!$F$5 -> Nb. Targets | N6: 1
B7: =References!$F$6 -> Energy cost | D7: 0 | G7: =References!$F$6 -> Energy cost | I7: 1 | L7: =References!$F$6 -> Energy cost | N7: 2
B8: Initiative | D8: 1 | G8: Initiative | I8: 1 | L8: Initiative | N8: 1
B9: Critical Chance | D9: 0 | G9: Critical Chance | I9: 0 | L9: Critical Chance | N9: 0
B10: =References!$G$2 -> Type | C10: =References!$G$3 -> Stat | D10: =References!$G$7 -> Nb | E10: =References!$G$8 -> Turns | G10: =References!$G$2 -> Type | H10: =References!$G$3 -> Stat | I10: =References!$G$7 -> Nb | J10: =References!$G$8 -> Turns | L10: =References!$G$2 -> Type | M10: =References!$G$3 -> Stat | N10: =References!$G$7 -> Nb | O10: =References!$G$8 -> Turns
G11: =References!$C$2 -> Direct | H11: =References!$A$2 -> dmg | I11: 2 | L11: =References!$C$2 -> Direct | M11: =References!$A$2 -> dmg | N11: 3
B17: =References!$F$2 -> Name | D17: Lightning Bolt | G17: =References!$F$2 -> Name | I17: Rejuvenate
B18: =References!$F$3 -> Class | D18: =References!$D$4 -> Sorcerer | G18: =References!$F$3 -> Class | I18: =References!$D$4 -> Sorcerer
B19: =References!$F$4 -> Type | D19: =References!$B$2 -> Offensive | G19: =References!$F$4 -> Type | I19: =References!$B$3 -> Defensive
B20: =References!$F$5 -> Nb. Targets | D20: 1 | G20: =References!$F$5 -> Nb. Targets | I20: 1
B21: =References!$F$6 -> Energy cost | D21: 2 | G21: =References!$F$6 -> Energy cost | I21: 1
B22: Initiative | D22: 1 | G22: Initiative | I22: 1
B23: Critical Chance | D23: 0.667 | G23: Critical Chance | I23: =0+1/6 -> 0.16666667
B24: =References!$G$2 -> Type | C24: =References!$G$3 -> Stat | D24: =References!$G$7 -> Nb | E24: =References!$G$8 -> Turns | G24: =References!$G$2 -> Type | H24: =References!$G$3 -> Stat | I24: =References!$G$7 -> Nb | J24: =References!$G$8 -> Turns
B25: =References!$C$2 -> Direct | C25: =References!$A$2 -> dmg | D25: 3 | G25: =References!$C$2 -> Direct | H25: =References!$A$3 -> hp | I25: 3
C30: =References!$F$2 -> Name | E30: Meteor | M30: =References!$F$2 -> Name | O30: Summon Minions | W30: =References!$F$2 -> Name | Y30: Healing Screech
C31: =References!$F$3 -> Class | E31: =References!$E$9 -> Wizard | M31: =References!$F$3 -> Class | O31: =References!$E$8 -> Necromancer | W31: =References!$F$3 -> Class | Y31: =References!$E$11 -> Shaman
C32: =References!$F$4 -> Type | E32: =References!$B$2 -> Offensive | M32: =References!$F$4 -> Type | O32: =References!$B$3 -> Defensive | W32: =References!$F$4 -> Type | Y32: =References!$B$3 -> Defensive
C33: =References!$F$5 -> Nb. Targets | E33: 3 | M33: =References!$F$5 -> Nb. Targets | W33: =References!$F$5 -> Nb. Targets | Y33: 1
C34: =References!$F$6 -> Energy cost | E34: 3 | M34: =References!$F$6 -> Energy cost | O34: 2 | W34: =References!$F$6 -> Energy cost | Y34: 2
C35: Initiative | E35: 1 | M35: Initiative | O35: 1 | W35: Initiative | Y35: 1
C36: Critical Chance | E36: 0.5 | M36: Critical Chance | O36: 0 | W36: Critical Chance | Y36: 0.5
C37: =References!$G$2 -> Type | D37: =References!$G$3 -> Stat | E37: =References!$G$7 -> Nb | F37: =References!$G$8 -> Turns | M37: =References!$G$2 -> Type | N37: =References!$G$3 -> Stat | O37: =References!$G$7 -> Nb | P37: =References!$G$8 -> Turns | W37: =References!$G$2 -> Type | X37: =References!$G$3 -> Stat | Y37: =References!$G$7 -> Nb | Z37: =References!$G$8 -> Turns
C38: =References!$C$2 -> Direct | D38: =References!$A$2 -> dmg | E38: 4 | W38: =References!$C$2 -> Direct | X38: =References!$A$3 -> hp | Y38: 2
W39: =References!$C$3 -> Temp | X39: =References!$A$3 -> hp | Y39: 2 | Z39: 1
A45: =References!$F$2 -> Name | C45: Ice Spear | F45: =References!$F$2 -> Name | H45: Engulfing Flames | K45: =References!$F$2 -> Name | M45: Revenant Guards | P45: =References!$F$2 -> Name | R45: Crazed Specters | U45: =References!$F$2 -> Name | W45: Toxic Waves | Z45: =References!$F$2 -> Name | AB45: Restoring Burst
A46: =References!$F$3 -> Class | C46: =References!$E$9 -> Wizard | F46: =References!$F$3 -> Class | H46: =References!$E$9 -> Wizard | K46: =References!$F$3 -> Class | M46: =References!$E$8 -> Necromancer | P46: =References!$F$3 -> Class | R46: =References!$E$8 -> Necromancer | U46: =References!$F$3 -> Class | W46: =References!$E$11 -> Shaman | Z46: =References!$F$3 -> Class | AB46: =References!$E$11 -> Shaman
A47: =References!$F$4 -> Type | C47: =References!$B$2 -> Offensive | F47: =References!$F$4 -> Type | H47: =References!$B$2 -> Offensive | K47: =References!$F$4 -> Type | M47: =References!$B$3 -> Defensive | P47: =References!$F$4 -> Type | R47: =References!$B$2 -> Offensive | U47: =References!$F$4 -> Type | W47: =References!$B$2 -> Offensive | Z47: =References!$F$4 -> Type | AB47: =References!$B$3 -> Defensive
A48: =References!$F$5 -> Nb. Targets | C48: 1 | F48: =References!$F$5 -> Nb. Targets | H48: 1 | K48: =References!$F$5 -> Nb. Targets | M48: 3 | P48: =References!$F$5 -> Nb. Targets | R48: 3 | U48: =References!$F$5 -> Nb. Targets | W48: 3 | Z48: =References!$F$5 -> Nb. Targets | AB48: 1
A49: =References!$F$6 -> Energy cost | C49: 2 | F49: =References!$F$6 -> Energy cost | H49: 3 | K49: =References!$F$6 -> Energy cost | M49: 2 | P49: =References!$F$6 -> Energy cost | R49: 3 | U49: =References!$F$6 -> Energy cost | W49: 3 | Z49: =References!$F$6 -> Energy cost | AB49: 2
A50: Initiative | C50: 2 | F50: Initiative | H50: 1 | K50: Initiative | M50: 1 | P50: Initiative | R50: 1 | U50: Initiative | W50: 2 | Z50: Initiative | AB50: 2
A51: Critical Chance | C51: 0.5 | F51: Critical Chance | H51: 0.33 | K51: Critical Chance | M51: 0.33 | P51: Critical Chance | R51: 0.33 | U51: Critical Chance | W51: 0.33 | Z51: Critical Chance | AB51: 0
A52: =References!$G$2 -> Type | B52: =References!$G$3 -> Stat | C52: =References!$G$7 -> Nb | D52: =References!$G$8 -> Turns | F52: =References!$G$2 -> Type | G52: =References!$G$3 -> Stat | H52: =References!$G$7 -> Nb | I52: =References!$G$8 -> Turns | K52: =References!$G$2 -> Type | L52: =References!$G$3 -> Stat | M52: =References!$G$7 -> Nb | N52: =References!$G$8 -> Turns | P52: =References!$G$2 -> Type | Q52: =References!$G$3 -> Stat | R52: =References!$G$7 -> Nb | S52: =References!$G$8 -> Turns | U52: =References!$G$2 -> Type | V52: =References!$G$3 -> Stat | W52: =References!$G$7 -> Nb | X52: =References!$G$8 -> Turns | Z52: =References!$G$2 -> Type | AA52: =References!$G$3 -> Stat | AB52: =References!$G$7 -> Nb | AC52: =References!$G$8 -> Turns
A53: =References!$C$2 -> Direct | B53: =References!$A$2 -> dmg | C53: 4 | F53: =References!$C$2 -> Direct | G53: =References!$A$2 -> dmg | H53: 9 | K53: =References!$C$2 -> Direct | L53: =References!$A$5 -> def | M53: 2 | P53: =References!$C$2 -> Direct | Q53: =References!$A$2 -> dmg | R53: 6 | U53: =References!$C$2 -> Direct | V53: =References!$A$2 -> dmg | W53: 3 | Z53: =References!$C$2 -> Direct | AA53: =References!$A$3 -> hp | AB53: 3
A54: =References!$C$3 -> Temp | B54: init | C54: -2 | D54: 1 | K54: =References!$C$3 -> Temp | L54: =References!$A$5 -> def | M54: 2 | N54: 1 | U54: Temp | V54: dmg | W54: 2 | X54: 1 | Z54: =References!$C$2 -> Direct | AA54: =References!$A$4 -> enrg | AB54: 2

Sheet Ranger2
B3: =References!$F$2 -> Name | D3: Wait | G3: =References!$F$2 -> Name | I3: Attack | L3: =References!$F$2 -> Name | N3: Super Attack
B4: =References!$F$3 -> Class | D4: =References!$E$2 -> Creature | G4: =References!$F$3 -> Class | I4: =References!$E$2 -> Creature | L4: =References!$F$3 -> Class | N4: =References!$E$2 -> Creature
B5: =References!$F$4 -> Type | G5: =References!$F$4 -> Type | I5: =References!$B$2 -> Offensive | L5: =References!$F$4 -> Type | N5: =References!$B$2 -> Offensive
B6: =References!$F$5 -> Nb. Targets | G6: =References!$F$5 -> Nb. Targets | I6: 1 | L6: =References!$F$5 -> Nb. Targets | N6: 1
B7: =References!$F$6 -> Energy cost | D7: 0 | G7: =References!$F$6 -> Energy cost | I7: 1 | L7: =References!$F$6 -> Energy cost | N7: 2
B8: Initiative | D8: 1 | G8: Initiative | I8: 1 | L8: Initiative | N8: 1
B9: Critical Chance | D9: 0 | G9: Critical Chance | I9: 0 | L9: Critical Chance | N9: 0
B10: =References!$G$2 -> Type | C10: =References!$G$3 -> Stat | D10: =References!$G$7 -> Nb | E10: =References!$G$8 -> Turns | G10: =References!$G$2 -> Type | H10: =References!$G$3 -> Stat | I10: =References!$G$7 -> Nb | J10: =References!$G$8 -> Turns | L10: =References!$G$2 -> Type | M10: =References!$G$3 -> Stat | N10: =References!$G$7 -> Nb | O10: =References!$G$8 -> Turns
G11: =References!$C$2 -> Direct | H11: =References!$A$2 -> dmg | I11: 2 | L11: =References!$C$2 -> Direct | M11: =References!$A$2 -> dmg | N11: 3
B17: =References!$F$2 -> Name | D17: Mini Poison | G17: =References!$F$2 -> Name | I17: Quick Stab
B18: =References!$F$3 -> Class | D18: =References!$D$3 -> Scoundrel | G18: =References!$F$3 -> Class | I18: =References!$D$3 -> Scoundrel
B19: =References!$F$4 -> Type | D19: =References!$B$2 -> Offensive | G19: =References!$F$4 -> Type | I19: =References!$B$2 -> Offensive
B20: =References!$F$5 -> Nb. Targets | D20: 1 | G20: =References!$F$5 -> Nb. Targets | I20: 1
B21: =References!$F$6 -> Energy cost | D21: 2 | G21: =References!$F$6 -> Energy cost | I21: 1
B22: Initiative | D22: 1 | G22: Initiative | I22: 3
B23: Critical Chance | D23: 0 | G23: Critical Chance | I23: 0
B24: =References!$G$2 -> Type | C24: =References!$G$3 -> Stat | D24: =References!$G$7 -> Nb | E24: =References!$G$8 -> Turns | G24: =References!$G$2 -> Type | H24: =References!$G$3 -> Stat | I24: =References!$G$7 -> Nb | J24: =References!$G$8 -> Turns
B25: =References!$C$2 -> Direct | C25: =References!$A$2 -> dmg | D25: 2 | G25: =References!$C$2 -> Direct | H25: =References!$A$2 -> dmg | I25: 2
B26: =References!$C$3 -> Temp | C26: =References!$A$2 -> dmg | D26: 1 | E26: 2
C30: =References!$F$2 -> Name | E30: Heal Over Time | M30: =References!$F$2 -> Name | O30: Speed | W30: =References!$F$2 -> Name | Y30: Call Beasts
C31: =References!$F$3 -> Class | E31: =References!#REF! -> #REF! | M31: =References!$F$3 -> Class | O31: =References!$E$7 -> Assassin | W31: =References!$F$3 -> Class | Y31: =References!$E$8 -> Necromancer
C32: =References!$F$4 -> Type | E32: =References!$B$3 -> Defensive | M32: =References!$F$4 -> Type | O32: =References!$B$4 -> Passive | W32: =References!$F$4 -> Type | Y32: =References!$B$3 -> Defensive
C33: =References!$F$5 -> Nb. Targets | E33: 1 | M33: =References!$F$5 -> Nb. Targets | W33: =References!$F$5 -> Nb. Targets
C34: =References!$F$6 -> Energy cost | E34: 2 | M34: =References!$F$6 -> Energy cost | W34: =References!$F$6 -> Energy cost | Y34: 2
C35: Initiative | E35: 1 | M35: Initiative | O35: 3 | W35: Initiative | Y35: 1
C36: Critical Chance | E36: 0.5 | M36: Critical Chance | O36: 0 | W36: Critical Chance | Y36: 0
C37: =References!$G$2 -> Type | D37: =References!$G$3 -> Stat | E37: =References!$G$7 -> Nb | F37: =References!$G$8 -> Turns | M37: =References!$G$2 -> Type | N37: =References!$G$3 -> Stat | O37: =References!$G$7 -> Nb | P37: =References!$G$8 -> Turns | W37: =References!$G$2 -> Type | X37: =References!$G$3 -> Stat | Y37: =References!$G$7 -> Nb | Z37: =References!$G$8 -> Turns
C38: =References!$C$2 -> Direct | D38: =References!$A$3 -> hp | E38: 2
C39: =References!$C$3 -> Temp | D39: =References!$A$3 -> hp | E39: 2 | F39: 1
A45: =References!$F$2 -> Name | C45: Retaliate | F45: =References!$F$2 -> Name | H45: Attack Balance | K45: =References!$F$2 -> Name | M45: Ninja Army | P45: =References!$F$2 -> Name | R45: Gros Poison | U45: =References!$F$2 -> Name | W45: Bear | Z45: =References!$F$2 -> Name | AB45: Eagle
A46: =References!$F$3 -> Class | C46: =References!#REF! -> #REF! | F46: =References!$F$3 -> Class | H46: =References!#REF! -> #REF! | K46: =References!$F$3 -> Class | M46: =References!$E$7 -> Assassin | P46: =References!$F$3 -> Class | R46: =References!$E$7 -> Assassin | U46: =References!$F$3 -> Class | W46: =References!$E$8 -> Necromancer | Z46: =References!$F$3 -> Class | AB46: =References!$E$8 -> Necromancer
A47: =References!$F$4 -> Type | C47: =References!$B$3 -> Defensive | F47: =References!$F$4 -> Type | H47: =References!$B$2 -> Offensive | K47: =References!$F$4 -> Type | M47: =References!$B$3 -> Defensive | P47: =References!$F$4 -> Type | R47: =References!$B$3 -> Defensive | U47: =References!$F$4 -> Type | W47: =References!$B$3 -> Defensive | Z47: =References!$F$4 -> Type | AB47: =References!$B$2 -> Offensive
A48: =References!$F$5 -> Nb. Targets | C48: 1 | F48: =References!$F$5 -> Nb. Targets | H48: 1 | K48: =References!$F$5 -> Nb. Targets | M48: 3 | P48: =References!$F$5 -> Nb. Targets | R48: 1 | U48: =References!$F$5 -> Nb. Targets | W48: 3 | Z48: =References!$F$5 -> Nb. Targets | AB48: 3
A49: =References!$F$6 -> Energy cost | C49: 2 | F49: =References!$F$6 -> Energy cost | H49: 3 | K49: =References!$F$6 -> Energy cost | M49: 2 | P49: =References!$F$6 -> Energy cost | R49: 3 | U49: =References!$F$6 -> Energy cost | W49: 2 | Z49: =References!$F$6 -> Energy cost | AB49: 3
A50: Initiative | C50: 1 | F50: Initiative | H50: 1 | K50: Initiative | M50: 3 | P50: Initiative | R50: 2 | U50: Initiative | W50: 1 | Z50: Initiative | AB50: 1
A51: Critical Chance | C51: 0 | F51: Critical Chance | H51: 0 | K51: Critical Chance | M51: 0 | P51: Critical Chance | R51: 0.5 | U51: Critical Chance | W51: 0.33 | Z51: Critical Chance | AB51: 0.33
A52: =References!$G$2 -> Type | B52: =References!$G$3 -> Stat | C52: =References!$G$7 -> Nb | D52: =References!$G$8 -> Turns | F52: =References!$G$2 -> Type | G52: =References!$G$3 -> Stat | H52: =References!$G$7 -> Nb | I52: =References!$G$8 -> Turns | K52: =References!$G$2 -> Type | L52: =References!$G$3 -> Stat | M52: =References!$G$7 -> Nb | N52: =References!$G$8 -> Turns | P52: =References!$G$2 -> Type | Q52: =References!$G$3 -> Stat | R52: =References!$G$7 -> Nb | S52: =References!$G$8 -> Turns | U52: =References!$G$2 -> Type | V52: =References!$G$3 -> Stat | W52: =References!$G$7 -> Nb | X52: =References!$G$8 -> Turns | Z52: =References!$G$2 -> Type | AA52: =References!$G$3 -> Stat | AB52: =References!$G$7 -> Nb | AC52: =References!$G$8 -> Turns
A53: =References!$C$2 -> Direct | B53: =References!$A$7 -> rtl | C53: 3 | F53: =References!$C$2 -> Direct | G53: =References!$A$2 -> dmg | H53: 8 | K53: Temp | L53: init | M53: same | N53: 1 | P53: =References!$C$2 -> Direct | Q53: =References!$A$2 -> dmg | R53: 3 | U53: =References!$C$2 -> Direct | V53: =References!$A$5 -> def | W53: 2 | Z53: =References!$C$2 -> Direct | AA53: =References!$A$2 -> dmg | AB53: 6
A54: =References!$C$3 -> Temp | B54: =References!$A$7 -> rtl | C54: 3 | D54: 1 | F54: =References!$C$2 -> Direct | G54: =References!$A$5 -> def | H54: 2 | K54: Temp | L54: crit | M54: 1 | N54: 1 | P54: Temp | Q54: dmg | R54: 3 | S54: 2 | U54: =References!$C$3 -> Temp | V54: =References!$A$5 -> def | W54: 2 | X54: 1
F55: =References!$C$5 -> SelfTemp | G55: =References!$A$5 -> def | H55: 2 | I55: 1
F56: =References!$C$5 -> SelfTemp | G56: =References!$A$3 -> hp | H56: 4 | I56: 1

Sheet Mage2
B3: =References!$F$2 -> Name | D3: Wait | G3: =References!$F$2 -> Name | I3: Attack | L3: =References!$F$2 -> Name | N3: Super Attack
B4: =References!$F$3 -> Class | D4: =References!$E$2 -> Creature | G4: =References!$F$3 -> Class | I4: =References!$E$2 -> Creature | L4: =References!$F$3 -> Class | N4: =References!$E$2 -> Creature
B5: =References!$F$4 -> Type | G5: =References!$F$4 -> Type | I5: =References!$B$2 -> Offensive | L5: =References!$F$4 -> Type | N5: =References!$B$2 -> Offensive
B6: =References!$F$5 -> Nb. Targets | G6: =References!$F$5 -> Nb. Targets | I6: 1 | L6: =References!$F$5 -> Nb. Targets | N6: 1
B7: =References!$F$6 -> Energy cost | D7: 0 | G7: =References!$F$6 -> Energy cost | I7: 1 | L7: =References!$F$6 -> Energy cost | N7: 2
B8: Initiative | D8: 1 | G8: Initiative | I8: 1 | L8: Initiative | N8: 1
B9: Critical Chance | D9: 0 | G9: Critical Chance | I9: 0 | L9: Critical Chance | N9: 0
B10: =References!$G$2 -> Type | C10: =References!$G$3 -> Stat | D10: =References!$G$7 -> Nb | E10: =References!$G$8 -> Turns | G10: =References!$G$2 -> Type | H10: =References!$G$3 -> Stat | I10: =References!$G$7 -> Nb | J10: =References!$G$8 -> Turns | L10: =References!$G$2 -> Type | M10: =References!$G$3 -> Stat | N10: =References!$G$7 -> Nb | O10: =References!$G$8 -> Turns
G11: =References!$C$2 -> Direct | H11: =References!$A$2 -> dmg | I11: 2 | L11: =References!$C$2 -> Direct | M11: =References!$A$2 -> dmg | N11: 3
B17: =References!$F$2 -> Name | D17: Fireball | G17: =References!$F$2 -> Name | I17: Mini Heal
B18: =References!$F$3 -> Class | D18: =References!$D$4 -> Sorcerer | G18: =References!$F$3 -> Class | I18: =References!$D$4 -> Sorcerer
B19: =References!$F$4 -> Type | D19: =References!$B$2 -> Offensive | G19: =References!$F$4 -> Type | I19: =References!$B$3 -> Defensive
B20: =References!$F$5 -> Nb. Targets | D20: 1 | G20: =References!$F$5 -> Nb. Targets | I20: 1
B21: =References!$F$6 -> Energy cost | D21: 2 | G21: =References!$F$6 -> Energy cost | I21: 1
B22: Initiative | D22: 1 | G22: Initiative | I22: 1
B23: Critical Chance | D23: 0.667 | G23: Critical Chance | I23: =0+1/6 -> 0.16666667
B24: =References!$G$2 -> Type | C24: =References!$G$3 -> Stat | D24: =References!$G$7 -> Nb | E24: =References!$G$8 -> Turns | G24: =References!$G$2 -> Type | H24: =References!$G$3 -> Stat | I24: =References!$G$7 -> Nb | J24: =References!$G$8 -> Turns
B25: =References!$C$2 -> Direct | C25: =References!$A$2 -> dmg | D25: 3 | G25: =References!$C$2 -> Direct | H25: =References!$A$3 -> hp | I25: 3
C30: =References!$F$2 -> Name | E30: Explosion | M30: =References!$F$2 -> Name | O30: Leech | W30: =References!$F$2 -> Name | Y30: Enleve Def
C31: =References!$F$3 -> Class | E31: =References!$E$9 -> Wizard | M31: =References!$F$3 -> Class | O31: =References!$E$10 -> Leech | W31: =References!$F$3 -> Class | Y31: =References!$E$11 -> Shaman
C32: =References!$F$4 -> Type | E32: =References!$B$2 -> Offensive | M32: =References!$F$4 -> Type | O32: =References!$B$2 -> Offensive | W32: =References!$F$4 -> Type | Y32: =References!$B$2 -> Offensive
C33: =References!$F$5 -> Nb. Targets | E33: 3 | M33: =References!$F$5 -> Nb. Targets | O33: 1 | W33: =References!$F$5 -> Nb. Targets | Y33: 3
C34: =References!$F$6 -> Energy cost | E34: 3 | M34: =References!$F$6 -> Energy cost | O34: 2 | W34: =References!$F$6 -> Energy cost | Y34: 1
C35: Initiative | E35: 1 | M35: Initiative | O35: 1 | W35: Initiative | Y35: 2
C36: Critical Chance | E36: 0.5 | M36: Critical Chance | O36: 0.5 | W36: Critical Chance | Y36: 0
C37: =References!$G$2 -> Type | D37: =References!$G$3 -> Stat | E37: =References!$G$7 -> Nb | F37: =References!$G$8 -> Turns | M37: =References!$G$2 -> Type | N37: =References!$G$3 -> Stat | O37: =References!$G$7 -> Nb | P37: =References!$G$8 -> Turns | W37: =References!$G$2 -> Type | X37: =References!$G$3 -> Stat | Y37: =References!$G$7 -> Nb | Z37: =References!$G$8 -> Turns
C38: =References!$C$2 -> Direct | D38: =References!$A$2 -> dmg | E38: 4 | M38: =References!$C$2 -> Direct | N38: =References!$A$2 -> dmg | O38: 2 | W38: =References!$C$2 -> Direct | X38: =References!$A$5 -> def | Y38: 2
M39: =References!$C$4 -> SelfDirect | N39: =References!$A$3 -> hp | O39: 2
A45: =References!$F$2 -> Name | C45: Freeze | F45: =References!$F$2 -> Name | H45: Grosse Fireball | K45: =References!$F$2 -> Name | M45: Kamikaze | P45: =References!$F$2 -> Name | R45: Enleve energy | U45: =References!$F$2 -> Name | W45: Stun | Z45: =References!$F$2 -> Name | AB45: Energy Buff
A46: =References!$F$3 -> Class | C46: =References!$E$9 -> Wizard | F46: =References!$F$3 -> Class | H46: =References!$E$9 -> Wizard | K46: =References!$F$3 -> Class | M46: =References!$E$10 -> Leech | P46: =References!$F$3 -> Class | R46: =References!$E$10 -> Leech | U46: =References!$F$3 -> Class | W46: =References!$E$11 -> Shaman | Z46: =References!$F$3 -> Class | AB46: =References!$E$11 -> Shaman
A47: =References!$F$4 -> Type | C47: =References!$B$2 -> Offensive | F47: =References!$F$4 -> Type | H47: =References!$B$2 -> Offensive | K47: =References!$F$4 -> Type | M47: =References!$B$2 -> Offensive | P47: =References!$F$4 -> Type | R47: =References!$B$3 -> Defensive | U47: =References!$F$4 -> Type | W47: =References!$B$2 -> Offensive | Z47: =References!$F$4 -> Type | AB47: =References!$B$3 -> Defensive
A48: =References!$F$5 -> Nb. Targets | C48: 1 | F48: =References!$F$5 -> Nb. Targets | H48: 1 | K48: =References!$F$5 -> Nb. Targets | M48: 1 | P48: =References!$F$5 -> Nb. Targets | R48: 1 | U48: =References!$F$5 -> Nb. Targets | W48: 1 | Z48: =References!$F$5 -> Nb. Targets | AB48: 1
A49: =References!$F$6 -> Energy cost | C49: 2 | F49: =References!$F$6 -> Energy cost | H49: 3 | K49: =References!$F$6 -> Energy cost | M49: 3 | P49: =References!$F$6 -> Energy cost | R49: 3 | U49: =References!$F$6 -> Energy cost | W49: 3 | Z49: =References!$F$6 -> Energy cost | AB49: 2
A50: Initiative | C50: 2 | F50: Initiative | H50: 1 | K50: Initiative | M50: 3 | P50: Initiative | R50: 2 | U50: Initiative | W50: 2 | Z50: Initiative | AB50: 2
A51: Critical Chance | C51: 0.5 | F51: Critical Chance | H51: 0.33 | K51: Critical Chance | M51: 0.5 | P51: Critical Chance | R51: 0 | U51: Critical Chance | W51: 0 | Z51: Critical Chance | AB51: 0
A52: =References!$G$2 -> Type | B52: =References!$G$3 -> Stat | C52: =References!$G$7 -> Nb | D52: =References!$G$8 -> Turns | F52: =References!$G$2 -> Type | G52: =References!$G$3 -> Stat | H52: =References!$G$7 -> Nb | I52: =References!$G$8 -> Turns | K52: =References!$G$2 -> Type | L52: =References!$G$3 -> Stat | M52: =References!$G$7 -> Nb | N52: =References!$G$8 -> Turns | P52: =References!$G$2 -> Type | Q52: =References!$G$3 -> Stat | R52: =References!$G$7 -> Nb | S52: =References!$G$8 -> Turns | U52: =References!$G$2 -> Type | V52: =References!$G$3 -> Stat | W52: =References!$G$7 -> Nb | X52: =References!$G$8 -> Turns | Z52: =References!$G$2 -> Type | AA52: =References!$G$3 -> Stat | AB52: =References!$G$7 -> Nb | AC52: =References!$G$8 -> Turns
A53: =References!$C$2 -> Direct | B53: =References!$A$2 -> dmg | C53: 4 | F53: =References!$C$2 -> Direct | G53: =References!$A$2 -> dmg | H53: 9 | K53: =References!$C$2 -> Direct | L53: =References!$A$2 -> dmg | M53: 10 | P53: =References!$C$2 -> Direct | Q53: =References!$A$2 -> dmg | R53: 3 | U53: =References!$C$2 -> Direct | V53: =References!$A$2 -> dmg | W53: 3 | Z53: =References!$C$2 -> Direct | AA53: =References!$A$3 -> hp | AB53: 3
A54: =References!$C$3 -> Temp | B54: init | C54: -2 | D54: 1 | K54: =References!$C$4 -> SelfDirect | L54: =References!$A$3 -> hp | M54: -4 | P54: =References!$C$2 -> Direct | Q54: =References!$A$4 -> enrg | R54: 2 | U54: =References!$C$2 -> Direct | V54: =References!$A$8 -> stun | W54: 1 | Z54: =References!$C$2 -> Direct | AA54: =References!$A$4 -> enrg | AB54: 2

Sheet Fighter2
B3: =References!$F$2 -> Name | D3: Wait | G3: =References!$F$2 -> Name | I3: Attack | L3: =References!$F$2 -> Name | N3: Super Attack
B4: =References!$F$3 -> Class | D4: =References!$E$2 -> Creature | G4: =References!$F$3 -> Class | I4: =References!$E$2 -> Creature | L4: =References!$F$3 -> Class | N4: =References!$E$2 -> Creature
B5: =References!$F$4 -> Type | G5: =References!$F$4 -> Type | I5: =References!$B$2 -> Offensive | L5: =References!$F$4 -> Type | N5: =References!$B$2 -> Offensive
B6: =References!$F$5 -> Nb. Targets | G6: =References!$F$5 -> Nb. Targets | I6: 1 | L6: =References!$F$5 -> Nb. Targets | N6: 1
B7: =References!$F$6 -> Energy cost | D7: 0 | G7: =References!$F$6 -> Energy cost | I7: 1 | L7: =References!$F$6 -> Energy cost | N7: 2
B8: Initiative | D8: 1 | G8: Initiative | I8: 1 | L8: Initiative | N8: 1
B9: Critical Chance | D9: 0 | G9: Critical Chance | I9: 0 | L9: Critical Chance | N9: 0
B10: =References!$G$2 -> Type | C10: =References!$G$3 -> Stat | D10: =References!$G$7 -> Nb | E10: =References!$G$8 -> Turns | G10: =References!$G$2 -> Type | H10: =References!$G$3 -> Stat | I10: =References!$G$7 -> Nb | J10: =References!$G$8 -> Turns | L10: =References!$G$2 -> Type | M10: =References!$G$3 -> Stat | N10: =References!$G$7 -> Nb | O10: =References!$G$8 -> Turns
G11: =References!$C$2 -> Direct | H11: =References!$A$2 -> dmg | I11: 2 | L11: =References!$C$2 -> Direct | M11: =References!$A$2 -> dmg | N11: 3
B17: =References!$F$2 -> Name | D17: Attaque cool | G17: =References!$F$2 -> Name | I17: Shield
B18: =References!$F$3 -> Class | D18: =References!$D$2 -> Brawler | G18: =References!$F$3 -> Class | I18: =References!$D$2 -> Brawler
B19: =References!$F$4 -> Type | D19: =References!$B$2 -> Offensive | G19: =References!$F$4 -> Type | I19: =References!$B$3 -> Defensive
B20: =References!$F$5 -> Nb. Targets | D20: 1 | G20: =References!$F$5 -> Nb. Targets | I20: 1
B21: =References!$F$6 -> Energy cost | D21: 1 | G21: =References!$F$6 -> Energy cost | I21: 1
B22: Initiative | D22: 1 | G22: Initiative | I22: 1
B23: Critical Chance | D23: 0.667 | G23: Critical Chance | I23: 0
B24: =References!$G$2 -> Type | C24: =References!$G$3 -> Stat | D24: =References!$G$7 -> Nb | E24: =References!$G$8 -> Turns | G24: =References!$G$2 -> Type | H24: =References!$G$3 -> Stat | I24: =References!$G$7 -> Nb | J24: =References!$G$8 -> Turns
B25: =References!$C$2 -> Direct | C25: =References!$A$2 -> dmg | D25: 2 | G25: =References!$C$2 -> Direct | H25: =References!$A$5 -> def | I25: 1
G26: =References!$C$3 -> Temp | H26: =References!$A$5 -> def | I26: 1 | J26: 2
C30: =References!$F$2 -> Name | E30: Balance | M30: =References!$F$2 -> Name | O30: Full Plate | W30: =References!$F$2 -> Name | Y30: Double Hit
C31: =References!$F$3 -> Class | E31: =References!$E$3 -> Mercenary | M31: =References!$F$3 -> Class | O31: =References!$E$4 -> Warlord | W31: =References!$F$3 -> Class | Y31: =References!$E$5 -> Berserker
C32: =References!$F$4 -> Type | E32: =References!$B$2 -> Offensive | M32: =References!$F$4 -> Type | O32: =References!$B$4 -> Passive | W32: =References!$F$4 -> Type | Y32: =References!$B$2 -> Offensive
C33: =References!$F$5 -> Nb. Targets | E33: 1 | M33: =References!$F$5 -> Nb. Targets | W33: =References!$F$5 -> Nb. Targets | Y33: 1
C34: =References!$F$6 -> Energy cost | E34: 2 | M34: =References!$F$6 -> Energy cost | W34: =References!$F$6 -> Energy cost | Y34: 3
C35: Initiative | E35: 1 | M35: Initiative | O35: 1 | W35: Initiative | Y35: 1
C36: Critical Chance | E36: 0.33 | M36: Critical Chance | O36: 0 | W36: Critical Chance | Y36: 0
C37: =References!$G$2 -> Type | D37: =References!$G$3 -> Stat | E37: =References!$G$7 -> Nb | F37: =References!$G$8 -> Turns | M37: =References!$G$2 -> Type | N37: =References!$G$3 -> Stat | O37: =References!$G$7 -> Nb | P37: =References!$G$8 -> Turns | W37: =References!$G$2 -> Type | X37: =References!$G$3 -> Stat | Y37: =References!$G$7 -> Nb | Z37: =References!$G$8 -> Turns
C38: =References!$C$2 -> Direct | D38: =References!$A$2 -> dmg | E38: 3 | M38: =References!$B$4 -> Passive | N38: =References!$A$5 -> def | O38: 1 | W38: =References!$C$2 -> Direct | X38: =References!$A$2 -> dmg | Y38: 4
C39: =References!$C$4 -> SelfDirect | D39: =References!$A$5 -> def | E39: 1 | W39: =References!$C$2 -> Direct | X39: =References!$A$2 -> dmg | Y39: 3
C40: =References!$C$5 -> SelfTemp | D40: =References!$A$5 -> def | E40: 1 | F40: 2
A45: =References!$F$2 -> Name | C45: Cleave | F45: =References!$F$2 -> Name | H45: Shield / Retal | K45: =References!$F$2 -> Name | M45: Attack Stun | P45: =References!$F$2 -> Name | R45: Heal | U45: =References!$F$2 -> Name | W45: Tornado | Z45: =References!$F$2 -> Name | AB45: Maniac
A46: =References!$F$3 -> Class | C46: =References!$E$3 -> Mercenary | F46: =References!$F$3 -> Class | H46: =References!$E$3 -> Mercenary | K46: =References!$F$3 -> Class | M46: =References!$E$4 -> Warlord | P46: =References!$F$3 -> Class | R46: =References!$E$4 -> Warlord | U46: =References!$F$3 -> Class | W46: =References!$E$5 -> Berserker | Z46: =References!$F$3 -> Class | AB46: =References!$E$5 -> Berserker
A47: =References!$F$4 -> Type | C47: =References!$B$2 -> Offensive | F47: =References!$F$4 -> Type | H47: =References!$B$3 -> Defensive | K47: =References!$F$4 -> Type | M47: =References!$B$2 -> Offensive | P47: =References!$F$4 -> Type | R47: =References!$B$3 -> Defensive | U47: =References!$F$4 -> Type | W47: =References!$B$3 -> Defensive | Z47: =References!$F$4 -> Type | AB47: =References!$B$2 -> Offensive
A48: =References!$F$5 -> Nb. Targets | C48: 2 | F48: =References!$F$5 -> Nb. Targets | H48: 1 | K48: =References!$F$5 -> Nb. Targets | M48: 1 | P48: =References!$F$5 -> Nb. Targets | R48: 1 | U48: =References!$F$5 -> Nb. Targets | W48: 3 | Z48: =References!$F$5 -> Nb. Targets | AB48: 1
A49: =References!$F$6 -> Energy cost | C49: 3 | F49: =References!$F$6 -> Energy cost | H49: 2 | K49: =References!$F$6 -> Energy cost | M49: 4 | P49: =References!$F$6 -> Energy cost | R49: 2 | U49: =References!$F$6 -> Energy cost | W49: 2 | Z49: =References!$F$6 -> Energy cost | AB49: 3
A50: Initiative | C50: 2 | F50: Initiative | H50: 2 | K50: Initiative | M50: 1 | P50: Initiative | R50: 2 | U50: Initiative | W50: 1 | Z50: Initiative | AB50: 1
A51: Critical Chance | C51: 0.5 | F51: Critical Chance | H51: 0 | K51: Critical Chance | M51: 0.667 | P51: Critical Chance | R51: 0.17 | U51: Critical Chance | W51: 0.33 | Z51: Critical Chance | AB51: 0.33
A52: =References!$G$2 -> Type | B52: =References!$G$3 -> Stat | C52: =References!$G$7 -> Nb | D52: =References!$G$8 -> Turns | F52: =References!$G$2 -> Type | G52: =References!$G$3 -> Stat | H52: =References!$G$7 -> Nb | I52: =References!$G$8 -> Turns | K52: =References!$G$2 -> Type | L52: =References!$G$3 -> Stat | M52: =References!$G$7 -> Nb | N52: =References!$G$8 -> Turns | P52: =References!$G$2 -> Type | Q52: =References!$G$3 -> Stat | R52: =References!$G$7 -> Nb | S52: =References!$G$8 -> Turns | U52: =References!$G$2 -> Type | V52: =References!$G$3 -> Stat | W52: =References!$G$7 -> Nb | X52: =References!$G$8 -> Turns | Z52: =References!$G$2 -> Type | AA52: =References!$G$3 -> Stat | AB52: =References!$G$7 -> Nb | AC52: =References!$G$8 -> Turns
A53: =References!$C$2 -> Direct | B53: =References!$A$2 -> dmg | C53: 5 | F53: =References!$C$2 -> Direct | G53: =References!$A$5 -> def | H53: 2 | K53: =References!$C$2 -> Direct | L53: =References!$A$2 -> dmg | M53: 6 | P53: =References!$C$2 -> Direct | Q53: =References!$A$3 -> hp | R53: 6 | U53: =References!$C$2 -> Direct | V53: =References!$A$2 -> dmg | W53: 4 | Z53: =References!$C$2 -> Direct | AA53: =References!$A$2 -> dmg | AB53: 9
F54: =References!$C$2 -> Direct | G54: =References!$A$7 -> rtl | H54: 2 | K54: =References!$C$2 -> Direct | L54: =References!$A$8 -> stun | M54: 1 | Z54: =References!$C$5 -> SelfTemp | AA54: =References!$A$5 -> def | AB54: -2 | AC54: 1
F55: =References!$C$3 -> Temp | G55: =References!$A$5 -> def | H55: 2 | I55: 1
F56: =References!$C$3 -> Temp | G56: =References!$A$7 -> rtl | H56: 2 | I56: 1

Sheet Basic
A1: Basic
E3: =References!$F$2 -> Name | G3: Wait | R3: =References!$F$2 -> Name | T3: Attack | AE3: =References!$F$2 -> Name | AG3: Super Attack
E4: =References!$F$3 -> Class | G4: =References!$E$2 -> Creature | R4: =References!$F$3 -> Class | T4: =References!$E$2 -> Creature | AE4: =References!$F$3 -> Class | AG4: =References!$E$2 -> Creature
E5: =References!$F$4 -> Type | R5: =References!$F$4 -> Type | T5: =References!$B$2 -> Offensive | AE5: =References!$F$4 -> Type | AG5: =References!$B$2 -> Offensive
E6: =References!$F$5 -> Nb. Targets | R6: =References!$F$5 -> Nb. Targets | T6: 1 | AE6: =References!$F$5 -> Nb. Targets | AG6: 1
E7: =References!$F$6 -> Energy cost | G7: 0 | R7: =References!$F$6 -> Energy cost | T7: 1 | AE7: =References!$F$6 -> Energy cost | AG7: 2
A9: =References!$G$2 -> Type | B9: =References!$G$3 -> Stat | C9: =References!$G$4 -> Nb | D9: =References!$G$5 -> Turns | E9: =References!$G$6 -> % | F9: =References!$G$7 -> Nb | G9: =References!$G$8 -> Turns | H9: =References!$G$9 -> Nb | I9: =References!$G$10 -> Turns | J9: =References!$G$11 -> % | N9: =References!$G$2 -> Type | O9: =References!$G$3 -> Stat | P9: =References!$G$4 -> Nb | Q9: =References!$G$5 -> Turns | R9: =References!$G$6 -> % | S9: =References!$G$7 -> Nb | T9: =References!$G$8 -> Turns | U9: =References!$G$9 -> Nb | V9: =References!$G$10 -> Turns | W9: =References!$G$11 -> % | AA9: =References!$G$2 -> Type | AB9: =References!$G$3 -> Stat | AC9: =References!$G$4 -> Nb | AD9: =References!$G$5 -> Turns | AE9: =References!$G$6 -> % | AF9: =References!$G$7 -> Nb | AG9: =References!$G$8 -> Turns | AH9: =References!$G$9 -> Nb | AI9: =References!$G$10 -> Turns | AJ9: =References!$G$11 -> %
C10: =References!$H$2 -> High initiative | F10: =References!$H$3 -> Standard | H10: =References!$H$4 -> Low initiative | P10: =References!$H$2 -> High initiative | S10: =References!$H$3 -> Standard | U10: =References!$H$4 -> Low initiative | AC10: =References!$H$2 -> High initiative | AF10: =References!$H$3 -> Standard | AH10: =References!$H$4 -> Low initiative
N11: =References!$C$2 -> Direct | O11: =References!$A$2 -> dmg | P11: 1 | R11: 100 | S11: 1 | U11: 2 | W11: 100 | AA11: =References!$C$2 -> Direct | AB11: =References!$A$2 -> dmg | AC11: 2 | AE11: 100 | AF11: 3 | AH11: 3 | AJ11: 100

Sheet Sheet3
A1: =References!$F$2 -> Name | C1: Wait
A2: =References!$F$3 -> Class | C2: =References!$E$2 -> Creature
A3: =References!$F$4 -> Type
A4: =References!$F$5 -> Nb. Targets
A5: =References!$F$6 -> Energy cost | C5: 0
A6: Initiative | C6: 1
A7: Critical Chance | C7: 0
A8: =References!$G$2 -> Type | B8: =References!$G$3 -> Stat | C8: =References!$G$7 -> Nb | D8: =References!$G$8 -> Turns
A12: =References!$F$2 -> Name | C12: Attack
A13: =References!$F$3 -> Class | C13: =References!$E$2 -> Creature
A14: =References!$F$4 -> Type | C14: =References!$B$2 -> Offensive
A15: =References!$F$5 -> Nb. Targets | C15: 1
A16: =References!$F$6 -> Energy cost | C16: 1
A17: Initiative | C17: 1
A18: Critical Chance | C18: 0 | F18: Number times on 10 rounds | G18: =_xlfn.FLOOR.MATH(10/IF(OR(C16=1,C16=0),2,C16)) -> 5
A19: =References!$G$2 -> Type | B19: =References!$G$3 -> Stat | C19: =References!$G$7 -> Nb | D19: =References!$G$8 -> Turns | F19: Nb with crit chance | G19: NbCrit with turns | H19: Nb quick | I19: NbQuick with turns
A20: =References!$C$2 -> Direct | B20: =References!$A$2 -> dmg | C20: 2 | F20: =(C20+(1*C18))*C15 -> 2 | G20: =IF(D20="",F20,F20*D20) -> 2 | H20: =(C20-(1-C18)*1)*C15 -> 1 | I20: =IF(D20="",H20,H20*D20) -> 1
F21: Total dmg | G21: =SUM(G20) -> 2 | I21: =SUM(I20) -> 1
F23: Score Impact Direct | G23: Total point 10 round | H23: Score Impact sur 10 rounds | I23: Moy / Mana | J23: Score efficacité | K23: Final Score Standard
F24: =(G21/(20*C15))*100 -> 10 | G24: =G21*G18 -> 10 | H24: =(104.3421 + (9.456889 - 104.3421)/(1 + (G24/39.91202)^3.274503))/C15 -> 10.46669 | I24: =G21/C16 -> 2 | J24: =(I24/20)*100 -> 10 | K24: =(0.3*F24)+(0.3*H24)+(0.4*J24) -> 10.140007
F25: Score Impact Direct | G25: Total point 10 round | H25: Score Impact sur 10 rounds | I25: Moy / Mana | J25: Score efficacité | K25: Final Score Quick
F26: =(I21/(20*C15))*100 -> 5 | G26: =G18*I21 -> 5 | H26: =(104.3421 + (9.456889 - 104.3421)/(1 + (G26/39.91202)^3.274503))/C15 -> 9.5622492 | I26: =I21/C16 -> 1 | J26: =(I26/20)*100 -> 5 | K26: =(0.3*F26)+(0.3*H26)+(0.4*J26) -> 6.3686748
F27: Score Init | G27: =(C17/5)*100 -> 20
F28: Total score | G28: =(0.25*K26)+(0.6*K24)+(0.15*G27) -> 10.676173
A30: =References!$F$2 -> Name | C30: Super Attack
A31: =References!$F$3 -> Class | C31: =References!$E$2 -> Creature | I31: =_xlfn.FLOOR.MATH(10/IF(OR(C34=1,C34=0),2,C34)) -> 5
A32: =References!$F$4 -> Type | C32: =References!$B$2 -> Offensive
A33: =References!$F$5 -> Nb. Targets | C33: 1
A34: =References!$F$6 -> Energy cost | C34: 2
A35: Initiative | C35: 1
A36: Critical Chance | C36: 0 | F36: Number times on 10 rounds | G36: =_xlfn.FLOOR.MATH(10/IF(OR(C34=1,C34=0),2,C34)) -> 5
A37: =References!$G$2 -> Type | B37: =References!$G$3 -> Stat | C37: =References!$G$7 -> Nb | D37: =References!$G$8 -> Turns | F37: Nb with crit chance | G37: NbCrit with turns | H37: Nb quick | I37: NbQuick with turns
A38: =References!$C$2 -> Direct | B38: =References!$A$2 -> dmg | C38: 3 | F38: =(C38+(1*C36))*C33 -> 3 | G38: =IF(D38="",F38,F38*D38) -> 3 | H38: =(C38-(1-C36)*1)*C33 -> 2 | I38: =IF(D38="",H38,H38*D38) -> 2 | R38: =C38-(1-C36)*1 -> 2
F39: Total dmg | G39: =SUM(G38) -> 3 | I39: =SUM(I38) -> 2
F41: Score Impact Direct | G41: Total point 10 round | H41: Score Impact sur 10 rounds | I41: Moy / Mana | J41: Score efficacité | K41: Final Score Standard
F42: =(G39/(20*C33))*100 -> 15 | G42: =G39*G36 -> 15 | H42: =(104.3421 + (9.456889 - 104.3421)/(1 + (G42/39.91202)^3.274503))/C33 -> 13.157038 | I42: =G39/C34 -> 1.5 | J42: =(I42/20)*100 -> 7.5 | K42: =(0.3*F42)+(0.3*H42)+(0.4*J42) -> 11.447111
F43: Score Impact Direct | G43: Total point 10 round | H43: Score Impact sur 10 rounds | I43: Moy / Mana | J43: Score efficacité | K43: Final Score Quick
F44: =(I39/(20*C33))*100 -> 10 | G44: =G36*I39 -> 10 | H44: =(104.3421 + (9.456889 - 104.3421)/(1 + (G44/39.91202)^3.274503))/C33 -> 10.46669 | I44: =I39/C34 -> 1 | J44: =(I44/20)*100 -> 5 | K44: =(0.3*F44)+(0.3*H44)+(0.4*J44) -> 8.1400071
F45: Score Init | G45: =(C35/5)*100 -> 20
F46: Total score | G46: =(0.25*K44)+(0.6*K42)+(0.15*G45) -> 11.903269
A49: =References!$F$2 -> Name | C49: Attaque cool
A50: =References!$F$3 -> Class | C50: =References!$D$2 -> Brawler
A51: =References!$F$4 -> Type | C51: =References!$B$2 -> Offensive
A52: =References!$F$5 -> Nb. Targets | C52: 1
A53: =References!$F$6 -> Energy cost | C53: 1
A54: Initiative | C54: 1
A55: Critical Chance | C55: 0.667 | F55: Number times on 10 rounds | G55: =_xlfn.FLOOR.MATH(10/IF(OR(C53=1,C53=0),2,C53)) -> 5
A56: =References!$G$2 -> Type | B56: =References!$G$3 -> Stat | C56: =References!$G$7 -> Nb | D56: =References!$G$8 -> Turns | F56: Nb with crit chance | G56: NbCrit with turns | H56: Nb quick | I56: NbQuick with turns
A57: =References!$C$2 -> Direct | B57: =References!$A$2 -> dmg | C57: 2 | F57: =(C57+(1*C55))*C52 -> 2.667 | G57: =IF(D57="",F57,F57*D57) -> 2.667 | H57: =(C57-(1-C55)*1)*C52 -> 1.667 | I57: =IF(D57="",H57,H57*D57) -> 1.667
F58: Total dmg | G58: =SUM(G57) -> 2.667 | I58: =SUM(I57) -> 1.667
F60: Score Impact Direct | G60: Total point 10 round | H60: Score Impact sur 10 rounds | I60: Moy / Mana | J60: Score efficacité | K60: Final Score Standard
F61: =(G58/(20*C52))*100 -> 13.335 | G61: =G58*G55 -> 13.335 | H61: =(104.3421 + (9.456889 - 104.3421)/(1 + (G61/39.91202)^3.274503))/C52 -> 12.005754 | I61: =G58/C53 -> 2.667 | J61: =(I61/20)*100 -> 13.335 | K61: =(0.3*F61)+(0.3*H61)+(0.4*J61) -> 12.936226
F62: Score Impact Direct | G62: Total point 10 round | H62: Score Impact sur 10 rounds | I62: Moy / Mana | J62: Score efficacité | K62: Final Score Quick
F63: =(I58/(20*C52))*100 -> 8.335 | G63: =G55*I58 -> 8.335 | H63: =(104.3421 + (9.456889 - 104.3421)/(1 + (G63/39.91202)^3.274503))/C52 -> 10.015774 | I63: =I58/C53 -> 1.667 | J63: =(I63/20)*100 -> 8.335 | K63: =(0.3*F63)+(0.3*H63)+(0.4*J63) -> 8.8392321
F64: Score Init | G64: =(C54/5)*100 -> 20
F65: Total score | G65: =(0.25*K63)+(0.6*K61)+(0.15*G64) -> 12.971544
A68: =References!$F$2 -> Name | C68: Shield
A69: =References!$F$3 -> Class | C69: =References!$D$2 -> Brawler
A70: =References!$F$4 -> Type | C70: =References!$B$3 -> Defensive
A71: =References!$F$5 -> Nb. Targets | C71: 1
A72: =References!$F$6 -> Energy cost | C72: 1
A73: Initiative | C73: 1
A74: Critical Chance | C74: 0 | F74: Number times on 10 rounds | G74: =_xlfn.FLOOR.MATH(10/IF(OR(C72=1,C72=0),2,C72)) -> 5
A75: =References!$G$2 -> Type | B75: =References!$G$3 -> Stat | C75: =References!$G$7 -> Nb | D75: =References!$G$8 -> Turns | F75: Nb with crit chance | G75: NbCrit with turns | H75: Nb quick | I75: NbQuick with turns
A76: =References!$C$2 -> Direct | B76: =References!$A$5 -> def | C76: 1 | F76: =(C76+(1*C74))*C71 -> 1 | G76: =IF(D76="",F76,F76*D76) -> 1 | H76: =(C76-(1-C74)*1)*C71 -> 0 | I76: =IF(D76="",H76,H76*D76) -> 0
A77: =References!$C$3 -> Temp | B77: =References!$A$5 -> def | C77: 1 | D77: 2 | F77: =(C77+(1*C74))*C71 -> 1 | G77: =IF(D77="",F77,F77*D77) -> 2 | H77: =(C77-(1-C74)*1)*C71 -> 0 | I77: =IF(D77="",H77,H77*D77) -> 0
F78: Total dmg | G78: =SUM(G76:G77) -> 3 | I78: =SUM(I76:I77) -> 0
F80: Score Impact Direct | G80: Total point 10 round | H80: Score Impact sur 10 rounds | I80: Moy / Mana | J80: Score efficacité | K80: Final Score Standard
F81: =(G78/(20*C71))*100 -> 15 | G81: =G78*G74 -> 15 | H81: =(104.3421 + (9.456889 - 104.3421)/(1 + (G81/39.91202)^3.274503))/C71 -> 13.157038 | I81: =G78/C72 -> 3 | J81: =(I81/20)*100 -> 15 | K81: =(0.3*F81)+(0.3*H81)+(0.4*J81) -> 14.447111
F82: Score Impact Direct | G82: Total point 10 round | H82: Score Impact sur 10 rounds | I82: Moy / Mana | J82: Score efficacité | K82: Final Score Quick
F83: =(I78/(20*C71))*100 -> 0 | G83: =I78*G74 -> 0 | H83: =(104.3421 + (9.456889 - 104.3421)/(1 + (G83/39.91202)^3.274503))/C71 -> 9.456889 | I83: =I78/C72 -> 0 | J83: =(I83/20)*100 -> 0 | K83: =(0.3*F83)+(0.3*H83)+(0.4*J83) -> 2.8370667
F84: Score Init | G84: =(C73/5)*100 -> 20
F85: Total score | G85: =(0.25*K83)+(0.6*K81)+(0.15*G84) -> 12.377533
A88: =References!$F$2 -> Name | C88: Balance
A89: =References!$F$3 -> Class | C89: =References!$E$3 -> Mercenary
A90: =References!$F$4 -> Type | C90: =References!$B$2 -> Offensive
A91: =References!$F$5 -> Nb. Targets | C91: 1
A92: =References!$F$6 -> Energy cost | C92: 2
A93: Initiative | C93: 1
A94: Critical Chance | C94: 0.33 | F94: Number times on 10 rounds | G94: =_xlfn.FLOOR.MATH(10/IF(OR(C92=1,C92=0),2,C92)) -> 5
A95: =References!$G$2 -> Type | B95: =References!$G$3 -> Stat | C95: =References!$G$7 -> Nb | D95: =References!$G$8 -> Turns | F95: Nb with crit chance | G95: NbCrit with turns | H95: Nb quick | I95: NbQuick with turns
A96: =References!$C$2 -> Direct | B96: =References!$A$2 -> dmg | C96: 3 | F96: =(C96+(1*C94))*C91 -> 3.33 | G96: =IF(D96="",F96,F96*D96) -> 3.33 | H96: =(C96-(1-C94)*1)*C91 -> 2.33 | I96: =IF(D96="",H96,H96*D96) -> 2.33
A97: =References!$C$4 -> SelfDirect | B97: =References!$A$5 -> def | C97: 1 | F97: =(C97+(1*C94))*C91 -> 1.33 | G97: =IF(D97="",F97,F97*D97) -> 1.33 | H97: =(C97-(1-C94)*1)*C91 -> 0.33 | I97: =IF(D97="",H97,H97*D97) -> 0.33
A98: =References!$C$5 -> SelfTemp | B98: =References!$A$5 -> def | C98: 1 | D98: 2 | F98: =(C98+(1*C94))*C91 -> 1.33 | G98: =IF(D98="",F98,F98*D98) -> 2.66 | H98: =(C98-(1-C94)*1)*C91 -> 0.33 | I98: =IF(D98="",H98,H98*D98) -> 0.66
F99: Total dmg | G99: =SUM(G96:G98) -> 7.32 | I99: =SUM(I96:I98) -> 3.32
F101: Score Impact Direct | G101: Total point 10 round | H101: Score Impact sur 10 rounds | I101: Moy / Mana | J101: Score efficacité | K101: Final Score Standard
F102: =(G99/(20*(C91+1)))*100 -> 18.3 | G102: =G99*G94 -> 36.6 | H102: =(104.3421 + (9.456889 - 104.3421)/(1 + (G102/39.91202)^3.274503))/(C91+1) -> 25.107642 | I102: =G99/C92 -> 3.66 | J102: =(I102/20)*100 -> 18.3 | K102: =(0.3*F102)+(0.3*H102)+(0.4*J102) -> 20.342293
F103: Score Impact Direct | G103: Total point 10 round | H103: Score Impact sur 10 rounds | I103: Moy / Mana | J103: Score efficacité | K103: Final Score Quick
F104: =(I99/(20*C91))*100 -> 16.6 | G104: =I99*G94 -> 16.6 | H104: =(104.3421 + (9.456889 - 104.3421)/(1 + (G104/39.91202)^3.274503))/C91 -> 14.535411 | I104: =I99/C92 -> 1.66 | J104: =(I104/20)*100 -> 8.3 | K104: =(0.3*F104)+(0.3*H104)+(0.4*J104) -> 12.660623
F105: Score Init | G105: =(C93/5)*100 -> 20
F106: Total score | G106: =(0.25*K104)+(0.6*K102)+(0.15*G105) -> 18.370531
A110: =References!$F$2 -> Name | C110: Full Plate
A111: =References!$F$3 -> Class | C111: =References!$E$4 -> Warlord
A112: =References!$F$4 -> Type | C112: =References!$B$4 -> Passive
A113: =References!$F$5 -> Nb. Targets
A114: =References!$F$6 -> Energy cost
A115: Initiative | C115: 1
A116: Critical Chance | C116: 0
A117: =References!$G$2 -> Type | B117: =References!$G$3 -> Stat | C117: =References!$G$7 -> Nb | D117: =References!$G$8 -> Turns
A118: =References!$B$4 -> Passive | B118: =References!$A$5 -> def | C118: 1
...

Sheet Scores
A1: =References!$C$2 -> Direct | B1: 2
A2: =References!$C$3 -> Temp | B2: 1
A3: =References!$C$4 -> SelfDirect | B3: 2
A4: =References!$C$5 -> SelfTemp | B4: 1
A5: dmg | B5: 1

Sheet References
A2: dmg | B2: Offensive | C2: Direct | D2: Brawler | E2: Creature | F2: Name | G2: Type | H2: High initiative
A3: hp | B3: Defensive | C3: Temp | D3: Scoundrel | E3: Mercenary | F3: Class | G3: Stat | H3: Standard
A4: enrg | B4: Passive | C4: SelfDirect | D4: Sorcerer | E4: Warlord | F4: Type | G4: Nb | H4: Low initiative
A5: def | C5: SelfTemp | E5: Berserker | F5: Nb. Targets | G5: Turns
A6: spd | E6: Trickster | F6: Energy cost | G6: %
A7: rtl | E7: Assassin | G7: Nb
A8: stun | E8: Necromancer | G8: Turns
A9: roll | E9: Wizard | G9: Nb
E10: Leech | G10: Turns
E11: Shaman | G11: %
E12: Leech

Sheet Fighter
A1: FIGHTER
E3: =References!$F$2 -> Name | G3: Attaque cool | R3: =References!$F$2 -> Name | T3: Shield
E4: =References!$F$3 -> Class | G4: =References!$D$2 -> Brawler | R4: =References!$F$3 -> Class | T4: =References!$D$2 -> Brawler
E5: =References!$F$4 -> Type | G5: =References!$B$2 -> Offensive | R5: =References!$F$4 -> Type | T5: =References!$B$3 -> Defensive
E6: =References!$F$5 -> Nb. Targets | G6: 1 | R6: =References!$F$5 -> Nb. Targets | T6: 1
E7: =References!$F$6 -> Energy cost | G7: 1 | R7: =References!$F$6 -> Energy cost | T7: 2
A9: =References!$G$2 -> Type | B9: =References!$G$3 -> Stat | C9: =References!$G$4 -> Nb | D9: =References!$G$5 -> Turns | E9: =References!$G$6 -> % | F9: =References!$G$7 -> Nb | G9: =References!$G$8 -> Turns | H9: =References!$G$9 -> Nb | I9: =References!$G$10 -> Turns | J9: =References!$G$11 -> % | N9: =References!$G$2 -> Type | O9: =References!$G$3 -> Stat | P9: =References!$G$4 -> Nb | Q9: =References!$G$5 -> Turns | R9: =References!$G$6 -> % | S9: =References!$G$7 -> Nb | T9: =References!$G$8 -> Turns | U9: =References!$G$9 -> Nb | V9: =References!$G$10 -> Turns | W9: =References!$G$11 -> %
C10: =References!$H$2 -> High initiative | F10: =References!$H$3 -> Standard | H10: =References!$H$4 -> Low initiative | P10: =References!$H$2 -> High initiative | S10: =References!$H$3 -> Standard | U10: =References!$H$4 -> Low initiative
A11: =References!$C$2 -> Direct | B11: =References!$A$2 -> dmg | C11: 1 | E11: 100 | F11: 2 | H11: 2 | J11: 100 | N11: =References!$C$2 -> Direct | O11: =References!$A$5 -> def | P11: 1 | R11: 100 | S11: 1 | U11: 1 | W11: 100
N12: =References!$C$3 -> Temp | O12: =References!$A$5 -> def | P12: 1 | Q12: 1 | R12: 100 | S12: 1 | T12: 2 | U12: 1 | V12: 3 | W12: 100
E19: =References!$F$2 -> Name | G19: Balance | R19: =References!$F$2 -> Name | T19: Full Plate | AE19: =References!$F$2 -> Name | AG19: Double Hit
E20: =References!$F$3 -> Class | G20: =References!$E$3 -> Mercenary | R20: =References!$F$3 -> Class | T20: =References!$E$4 -> Warlord | AE20: =References!$F$3 -> Class | AG20: =References!$E$5 -> Berserker
E21: =References!$F$4 -> Type | G21: =References!$B$2 -> Offensive | R21: =References!$F$4 -> Type | T21: =References!$B$4 -> Passive | AE21: =References!$F$4 -> Type | AG21: =References!$B$2 -> Offensive
E22: =References!$F$5 -> Nb. Targets | G22: 1 | R22: =References!$F$5 -> Nb. Targets | AE22: =References!$F$5 -> Nb. Targets | AG22: 1
E23: =References!$F$6 -> Energy cost | G23: 3 | R23: =References!$F$6 -> Energy cost | AE23: =References!$F$6 -> Energy cost | AG23: 3
A25: =References!$G$2 -> Type | B25: =References!$G$3 -> Stat | C25: =References!$G$4 -> Nb | D25: =References!$G$5 -> Turns | E25: =References!$G$6 -> % | F25: =References!$G$7 -> Nb | G25: =References!$G$8 -> Turns | H25: =References!$G$9 -> Nb | I25: =References!$G$10 -> Turns | J25: =References!$G$11 -> % | N25: =References!$G$2 -> Type | O25: =References!$G$3 -> Stat | P25: =References!$G$4 -> Nb | Q25: =References!$G$5 -> Turns | R25: =References!$G$6 -> % | S25: =References!$G$7 -> Nb | T25: =References!$G$8 -> Turns | U25: =References!$G$9 -> Nb | V25: =References!$G$10 -> Turns | W25: =References!$G$11 -> % | AA25: =References!$G$2 -> Type | AB25: =References!$G$3 -> Stat | AC25: =References!$G$4 -> Nb | AD25: =References!$G$5 -> Turns | AE25: =References!$G$6 -> % | AF25: =References!$G$7 -> Nb | AG25: =References!$G$8 -> Turns | AH25: =References!$G$9 -> Nb | AI25: =References!$G$10 -> Turns | AJ25: =References!$G$11 -> %
C26: =References!$H$2 -> High initiative | F26: =References!$H$3 -> Standard | H26: =References!$H$4 -> Low initiative | P26: =References!$H$2 -> High initiative | S26: =References!$H$3 -> Standard | U26: =References!$H$4 -> Low initiative | AC26: =References!$H$2 -> High initiative | AF26: =References!$H$3 -> Standard | AH26: =References!$H$4 -> Low initiative
A27: =References!$C$2 -> Direct | B27: =References!$A$2 -> dmg | C27: 3 | E27: 100 | F27: 4 | H27: 5 | J27: 100 | N27: =References!$B$4 -> Passive | O27: =References!$A$5 -> def | S27: 1 | AA27: =References!$C$2 -> Direct | AB27: =References!$A$2 -> dmg | AC27: 3 | AE27: 100 | AF27: 3 | AH27: 4 | AJ27: 100
A28: =References!$C$4 -> SelfDirect | B28: =References!$A$5 -> def | C28: 1 | E28: 100 | F28: 1 | H28: 1 | J28: 100 | AA28: =References!$C$2 -> Direct | AB28: =References!$A$2 -> dmg | AC28: 2 | AE28: 100 | AF28: 3 | AH28: 3 | AJ28: 100
A29: =References!$C$5 -> SelfTemp | B29: =References!$A$5 -> def | C29: 1 | D29: 1 | E29: 100 | F29: 1 | G29: 1 | H29: 1 | I29: 2 | J29: 100
E35: =References!$F$2 -> Name | G35: Cleave | R35: =References!$F$2 -> Name | T35: Attack Stun | AE35: =References!$F$2 -> Name | AG35: Tornado
E36: =References!$F$3 -> Class | G36: =References!$E$3 -> Mercenary | R36: =References!$F$3 -> Class | T36: =References!$E$4 -> Warlord | AE36: =References!$F$3 -> Class | AG36: =References!$E$5 -> Berserker
E37: =References!$F$4 -> Type | G37: =References!$B$2 -> Offensive | R37: =References!$F$4 -> Type | T37: =References!$B$2 -> Offensive | AE37: =References!$F$4 -> Type | AG37: =References!$B$3 -> Defensive
E38: =References!$F$5 -> Nb. Targets | G38: 2 | R38: =References!$F$5 -> Nb. Targets | T38: 1 | AE38: =References!$F$5 -> Nb. Targets | AG38: 3
E39: =References!$F$6 -> Energy cost | G39: 4 | R39: =References!$F$6 -> Energy cost | T39: 3 | AE39: =References!$F$6 -> Energy cost | AG39: 2
A41: =References!$G$2 -> Type | B41: =References!$G$3 -> Stat | C41: =References!$G$4 -> Nb | D41: =References!$G$5 -> Turns | E41: =References!$G$6 -> % | F41: =References!$G$7 -> Nb | G41: =References!$G$8 -> Turns | H41: =References!$G$9 -> Nb | I41: =References!$G$10 -> Turns | J41: =References!$G$11 -> % | N41: =References!$G$2 -> Type | O41: =References!$G$3 -> Stat | P41: =References!$G$4 -> Nb | Q41: =References!$G$5 -> Turns | R41: =References!$G$6 -> % | S41: =References!$G$7 -> Nb | T41: =References!$G$8 -> Turns | U41: =References!$G$9 -> Nb | V41: =References!$G$10 -> Turns | W41: =References!$G$11 -> % | AA41: =References!$G$2 -> Type | AB41: =References!$G$3 -> Stat | AC41: =References!$G$4 -> Nb | AD41: =References!$G$5 -> Turns | AE41: =References!$G$6 -> % | AF41: =References!$G$7 -> Nb | AG41: =References!$G$8 -> Turns | AH41: =References!$G$9 -> Nb | AI41: =References!$G$10 -> Turns | AJ41: =References!$G$11 -> %
C42: =References!$H$2 -> High initiative | F42: =References!$H$3 -> Standard | H42: =References!$H$4 -> Low initiative | P42: =References!$H$2 -> High initiative | S42: =References!$H$3 -> Standard | U42: =References!$H$4 -> Low initiative | AC42: =References!$H$2 -> High initiative | AF42: =References!$H$3 -> Standard | AH42: =References!$H$4 -> Low initiative
A43: =References!$C$2 -> Direct | B43: =References!$A$2 -> dmg | C43: 7 | E43: 100 | F43: 8 | H43: 9 | J43: 100 | N43: =References!$C$2 -> Direct | O43: =References!$A$2 -> dmg | P43: 5 | R43: 100 | S43: 6 | U43: 7 | W43: =(2/3)*100 -> 66.666667 | AA43: =References!$C$2 -> Direct | AB43: =References!$A$2 -> dmg | AC43: 1 | AE43: 100 | AF43: 2 | AH43: 3 | AJ43: =(1/3)*100 -> 33.333333
N44: =References!$C$2 -> Direct | O44: =References!$A$8 -> stun | P44: 1 | R44: 100 | S44: 1 | U44: 1 | W44: 50
E49: =References!$F$2 -> Name | G49: Shield / Retal | R49: =References!$F$2 -> Name | T49: Heal | AE49: =References!$F$2 -> Name | AG49: Maniac
E50: =References!$F$3 -> Class | G50: =References!$E$3 -> Mercenary | R50: =References!$F$3 -> Class | T50: =References!$E$4 -> Warlord | AE50: =References!$F$3 -> Class | AG50: =References!$E$5 -> Berserker
E51: =References!$F$4 -> Type | G51: =References!$B$3 -> Defensive | R51: =References!$F$4 -> Type | T51: =References!$B$3 -> Defensive | AE51: =References!$F$4 -> Type | AG51: =References!$B$2 -> Offensive
E52: =References!$F$5 -> Nb. Targets | G52: 1 | R52: =References!$F$5 -> Nb. Targets | T52: 1 | AE52: =References!$F$5 -> Nb. Targets | AG52: 1
E53: =References!$F$6 -> Energy cost | G53: 2 | R53: =References!$F$6 -> Energy cost | T53: 2 | AE53: =References!$F$6 -> Energy cost | AG53: 3
A55: =References!$G$2 -> Type | B55: =References!$G$3 -> Stat | C55: =References!$G$4 -> Nb | D55: =References!$G$5 -> Turns | E55: =References!$G$6 -> % | F55: =References!$G$7 -> Nb | G55: =References!$G$8 -> Turns | H55: =References!$G$9 -> Nb | I55: =References!$G$10 -> Turns | J55: =References!$G$11 -> % | N55: =References!$G$2 -> Type | O55: =References!$G$3 -> Stat | P55: =References!$G$4 -> Nb | Q55: =References!$G$5 -> Turns | R55: =References!$G$6 -> % | S55: =References!$G$7 -> Nb | T55: =References!$G$8 -> Turns | U55: =References!$G$9 -> Nb | V55: =References!$G$10 -> Turns | W55: =References!$G$11 -> % | AA55: =References!$G$2 -> Type | AB55: =References!$G$3 -> Stat | AC55: =References!$G$4 -> Nb | AD55: =References!$G$5 -> Turns | AE55: =References!$G$6 -> % | AF55: =References!$G$7 -> Nb | AG55: =References!$G$8 -> Turns | AH55: =References!$G$9 -> Nb | AI55: =References!$G$10 -> Turns | AJ55: =References!$G$11 -> %
C56: =References!$H$2 -> High initiative | F56: =References!$H$3 -> Standard | H56: =References!$H$4 -> Low initiative | P56: =References!$H$2 -> High initiative | S56: =References!$H$3 -> Standard | U56: =References!$H$4 -> Low initiative | AC56: =References!$H$2 -> High initiative | AF56: =References!$H$3 -> Standard | AH56: =References!$H$4 -> Low initiative
A57: =References!$C$2 -> Direct | B57: =References!$A$5 -> def | C57: 1 | E57: 100 | F57: 1 | H57: 1 | J57: 100 | N57: =References!$C$2 -> Direct | O57: =References!$A$3 -> hp | P57: 2 | R57: 100 | S57: 3 | U57: 5 | W57: 100 | AA57: =References!$C$2 -> Direct | AB57: =References!$A$2 -> dmg | AC57: 6 | AE57: 50 | AF57: 7 | AH57: 8 | AJ57: 100
A58: =References!$C$2 -> Direct | B58: =References!$A$7 -> rtl | C58: 1 | E58: 100 | F58: 1 | H58: 1 | J58: 100 | AA58: =References!$C$5 -> SelfTemp | AB58: =References!$A$5 -> def | AC58: -2 | AD58: 1 | AE58: 100 | AF58: -2 | AG58: 1 | AH58: -2 | AI58: 1 | AJ58: 100
A59: =References!$C$3 -> Temp | B59: =References!$A$5 -> def | C59: 0 | D59: 1 | E59: 100 | F59: 2 | G59: 1 | H59: 2 | I59: 1 | J59: 100 | AA59: =References!$C$5 -> SelfTemp | AB59: =References!$A$6 -> spd | AC59: -2 | AD59: 1 | AE59: 100 | AF59: -2 | AG59: 1 | AH59: -2 | AI59: 1 | AJ59: 100
A60: =References!$C$3 -> Temp | B60: =References!$A$7 -> rtl | C60: 0 | D60: 1 | E60: 100 | F60: 1 | G60: 1 | H60: 2 | I60: 1 | J60: 100

Sheet Ranger
A1: RANGER
E3: =References!$F$2 -> Name | G3: Mini Poison | R3: =References!$F$2 -> Name | T3: Give speed
E4: =References!$F$3 -> Class | G4: =References!$D$3 -> Scoundrel | R4: =References!$F$3 -> Class | T4: =References!$D$3 -> Scoundrel
E5: =References!$F$4 -> Type | G5: =References!$B$2 -> Offensive | R5: =References!$F$4 -> Type | T5: =References!$B$3 -> Defensive
E6: =References!$F$5 -> Nb. Targets | G6: 1 | R6: =References!$F$5 -> Nb. Targets | T6: 1
E7: =References!$F$6 -> Energy cost | G7: 3 | R7: =References!$F$6 -> Energy cost | T7: 1
A9: =References!$G$2 -> Type | B9: =References!$G$3 -> Stat | C9: =References!$G$4 -> Nb | D9: =References!$G$5 -> Turns | E9: =References!$G$6 -> % | F9: =References!$G$7 -> Nb | G9: =References!$G$8 -> Turns | H9: =References!$G$9 -> Nb | I9: =References!$G$10 -> Turns | J9: =References!$G$11 -> % | N9: =References!$G$2 -> Type | O9: =References!$G$3 -> Stat | P9: =References!$G$4 -> Nb | Q9: =References!$G$5 -> Turns | R9: =References!$G$6 -> % | S9: =References!$G$7 -> Nb | T9: =References!$G$8 -> Turns | U9: =References!$G$9 -> Nb | V9: =References!$G$10 -> Turns | W9: =References!$G$11 -> %
C10: =References!$H$2 -> High initiative | F10: =References!$H$3 -> Standard | H10: =References!$H$4 -> Low initiative | P10: =References!$H$2 -> High initiative | S10: =References!$H$3 -> Standard | U10: =References!$H$4 -> Low initiative
A11: =References!$C$2 -> Direct | B11: =References!$A$2 -> dmg | C11: 1 | E11: =(1/3)*100 -> 33.333333 | F11: 2 | H11: 3 | J11: =(2/3)*100 -> 66.666667 | N11: =References!$C$3 -> Temp | O11: =References!$A$6 -> spd | P11: 1 | Q11: 1 | R11: 100 | S11: 1 | T11: 2 | U11: 1 | V11: 3 | W11: 100
A12: =References!$C$3 -> Temp | B12: =References!$A$2 -> dmg | C12: 1 | D12: 2 | E12: =(1/3)*100 -> 33.333333 | F12: 2 | G12: 2 | H12: 2 | I12: 2 | J12: =(1/3)*100 -> 33.333333
E19: =References!$F$2 -> Name | G19: Heal Over Time | R19: =References!$F$2 -> Name | T19: Speed | AE19: =References!$F$2 -> Name | AG19: Call Beasts
E20: =References!$F$3 -> Class | G20: =References!#REF! -> #REF! | R20: =References!$F$3 -> Class | T20: =References!$E$7 -> Assassin | AE20: =References!$F$3 -> Class | AG20: =References!$E$8 -> Necromancer
E21: =References!$F$4 -> Type | G21: =References!$B$3 -> Defensive | R21: =References!$F$4 -> Type | T21: =References!$B$4 -> Passive | AE21: =References!$F$4 -> Type | AG21: =References!B3 -> Defensive
E22: =References!$F$5 -> Nb. Targets | G22: 1 | R22: =References!$F$5 -> Nb. Targets | AE22: =References!$F$5 -> Nb. Targets
E23: =References!$F$6 -> Energy cost | G23: 3 | R23: =References!$F$6 -> Energy cost | AE23: =References!$F$6 -> Energy cost | AG23: 2
A25: =References!$G$2 -> Type | B25: =References!$G$3 -> Stat | C25: =References!$G$4 -> Nb | D25: =References!$G$5 -> Turns | E25: =References!$G$6 -> % | F25: =References!$G$7 -> Nb | G25: =References!$G$8 -> Turns | H25: =References!$G$9 -> Nb | I25: =References!$G$10 -> Turns | J25: =References!$G$11 -> % | N25: =References!$G$2 -> Type | O25: =References!$G$3 -> Stat | P25: =References!$G$4 -> Nb | Q25: =References!$G$5 -> Turns | R25: =References!$G$6 -> % | S25: =References!$G$7 -> Nb | T25: =References!$G$8 -> Turns | U25: =References!$G$9 -> Nb | V25: =References!$G$10 -> Turns | W25: =References!$G$11 -> % | AA25: =References!$G$2 -> Type | AB25: =References!$G$3 -> Stat | AC25: =References!$G$4 -> Nb | AD25: =References!$G$5 -> Turns | AE25: =References!$G$6 -> % | AF25: =References!$G$7 -> Nb | AG25: =References!$G$8 -> Turns | AH25: =References!$G$9 -> Nb | AI25: =References!$G$10 -> Turns | AJ25: =References!$G$11 -> %
C26: =References!$H$2 -> High initiative | F26: =References!$H$3 -> Standard | H26: =References!$H$4 -> Low initiative | P26: =References!$H$2 -> High initiative | S26: =References!$H$3 -> Standard | U26: =References!$H$4 -> Low initiative | AC26: =References!$H$2 -> High initiative | AF26: =References!$H$3 -> Standard | AH26: =References!$H$4 -> Low initiative
A27: =References!$C$2 -> Direct | B27: =References!$A$3 -> hp | C27: 2 | E27: 100 | F27: 3 | H27: 3 | J27: 100 | N27: =References!$B$4 -> Passive | O27: =References!$A$6 -> spd | S27: 1
A28: =References!$C$3 -> Temp | B28: =References!$A$3 -> hp | C28: 2 | D28: 1 | E28: 100 | F28: 2 | G28: 2 | H28: 3 | I28: 2 | J28: 50
E35: =References!$F$2 -> Name | G35: Retaliate | R35: =References!$F$2 -> Name | T35: Gros Poison | AE35: =References!$F$2 -> Name | AG35: Bear
E36: =References!$F$3 -> Class | G36: =References!#REF! -> #REF! | R36: =References!$F$3 -> Class | T36: =References!$E$7 -> Assassin | AE36: =References!$F$3 -> Class | AG36: =References!$E$8 -> Necromancer
E37: =References!$F$4 -> Type | G37: =References!$B$3 -> Defensive | R37: =References!$F$4 -> Type | T37: =References!$B$2 -> Offensive | AE37: =References!$F$4 -> Type | AG37: =References!$B$3 -> Defensive
E38: =References!$F$5 -> Nb. Targets | G38: 1 | R38: =References!$F$5 -> Nb. Targets | T38: 1 | AE38: =References!$F$5 -> Nb. Targets | AG38: 3
E39: =References!$F$6 -> Energy cost | G39: 3 | R39: =References!$F$6 -> Energy cost | T39: 3 | AE39: =References!$F$6 -> Energy cost | AG39: 2
A41: =References!$G$2 -> Type | B41: =References!$G$3 -> Stat | C41: =References!$G$4 -> Nb | D41: =References!$G$5 -> Turns | E41: =References!$G$6 -> % | F41: =References!$G$7 -> Nb | G41: =References!$G$8 -> Turns | H41: =References!$G$9 -> Nb | I41: =References!$G$10 -> Turns | J41: =References!$G$11 -> % | N41: =References!$G$2 -> Type | O41: =References!$G$3 -> Stat | P41: =References!$G$4 -> Nb | Q41: =References!$G$5 -> Turns | R41: =References!$G$6 -> % | S41: =References!$G$7 -> Nb | T41: =References!$G$8 -> Turns | U41: =References!$G$9 -> Nb | V41: =References!$G$10 -> Turns | W41: =References!$G$11 -> % | AA41: =References!$G$2 -> Type | AB41: =References!$G$3 -> Stat | AC41: =References!$G$4 -> Nb | AD41: =References!$G$5 -> Turns | AE41: =References!$G$6 -> % | AF41: =References!$G$7 -> Nb | AG41: =References!$G$8 -> Turns | AH41: =References!$G$9 -> Nb | AI41: =References!$G$10 -> Turns | AJ41: =References!$G$11 -> %
C42: =References!$H$2 -> High initiative | F42: =References!$H$3 -> Standard | H42: =References!$H$4 -> Low initiative | P42: =References!$H$2 -> High initiative | S42: =References!$H$3 -> Standard | U42: =References!$H$4 -> Low initiative | AC42: =References!$H$2 -> High initiative | AF42: =References!$H$3 -> Standard | AH42: =References!$H$4 -> Low initiative
A43: =References!$C$2 -> Direct | B43: =References!$A$7 -> rtl | C43: 2 | E43: 100 | F43: 3 | H43: 3 | J43: 100 | N43: =References!$C$2 -> Direct | O43: =References!$A$2 -> dmg | P43: 3 | R43: 100 | S43: 3 | U43: 4 | W43: 50 | AA43: =References!$C$2 -> Direct | AB43: =References!$A$5 -> def | AC43: 1 | AE43: 50 | AF43: 2 | AH43: 3 | AJ43: =(1/3)*100 -> 33.333333
A44: =References!$C$3 -> Temp | B44: =References!$A$7 -> rtl | C44: 2 | D44: 2 | E44: 100 | F44: 3 | G44: 2 | H44: 3 | I44: 2 | J44: 100 | N44: =References!$C$3 -> Temp | O44: =References!$A$2 -> dmg | P44: 2 | Q44: 1 | R44: 100 | S44: 2 | T44: 2 | U44: 2 | V44: 3 | W44: 50 | AA44: =References!$C$3 -> Temp | AB44: =References!$A$5 -> def | AC44: 2 | AD44: 1 | AE44: 100 | AF44: 2 | AG44: 1 | AH44: 2 | AI44: 1 | AJ44: 100
E49: =References!$F$2 -> Name | G49: Attack Balance | R49: =References!$F$2 -> Name | T49: Give Roll | AE49: =References!$F$2 -> Name | AG49: Eagle
E50: =References!$F$3 -> Class | G50: =References!#REF! -> #REF! | R50: =References!$F$3 -> Class | T50: =References!$E$7 -> Assassin | AE50: =References!$F$3 -> Class | AG50: =References!$E$8 -> Necromancer
E51: =References!$F$4 -> Type | G51: =References!$B$2 -> Offensive | R51: =References!$F$4 -> Type | T51: =References!$B$3 -> Defensive | AE51: =References!$F$4 -> Type | AG51: =References!$B$2 -> Offensive
E52: =References!$F$5 -> Nb. Targets | G52: 1 | R52: =References!$F$5 -> Nb. Targets | T52: 1 | AE52: =References!$F$5 -> Nb. Targets | AG52: 3
E53: =References!$F$6 -> Energy cost | G53: 4 | R53: =References!$F$6 -> Energy cost | T53: 1 | AE53: =References!$F$6 -> Energy cost | AG53: 3
A55: =References!$G$2 -> Type | B55: =References!$G$3 -> Stat | C55: =References!$G$4 -> Nb | D55: =References!$G$5 -> Turns | E55: =References!$G$6 -> % | F55: =References!$G$7 -> Nb | G55: =References!$G$8 -> Turns | H55: =References!$G$9 -> Nb | I55: =References!$G$10 -> Turns | J55: =References!$G$11 -> % | N55: =References!$G$2 -> Type | O55: =References!$G$3 -> Stat | P55: =References!$G$4 -> Nb | Q55: =References!$G$5 -> Turns | R55: =References!$G$6 -> % | S55: =References!$G$7 -> Nb | T55: =References!$G$8 -> Turns | U55: =References!$G$9 -> Nb | V55: =References!$G$10 -> Turns | W55: =References!$G$11 -> % | AA55: =References!$G$2 -> Type | AB55: =References!$G$3 -> Stat | AC55: =References!$G$4 -> Nb | AD55: =References!$G$5 -> Turns | AE55: =References!$G$6 -> % | AF55: =References!$G$7 -> Nb | AG55: =References!$G$8 -> Turns | AH55: =References!$G$9 -> Nb | AI55: =References!$G$10 -> Turns | AJ55: =References!$G$11 -> %
C56: =References!$H$2 -> High initiative | F56: =References!$H$3 -> Standard | H56: =References!$H$4 -> Low initiative | P56: =References!$H$2 -> High initiative | S56: =References!$H$3 -> Standard | U56: =References!$H$4 -> Low initiative | AC56: =References!$H$2 -> High initiative | AF56: =References!$H$3 -> Standard | AH56: =References!$H$4 -> Low initiative
A57: =References!$C$2 -> Direct | B57: =References!$A$2 -> dmg | C57: 8 | E57: 100 | F57: 9 | H57: 11 | J57: 100 | N57: =References!$C$2 -> Direct | O57: =References!$A$9 -> roll | P57: 1 | R57: 100 | S57: 1 | U57: 1 | W57: 100 | AA57: =References!$C$2 -> Direct | AB57: =References!$A$2 -> dmg | AC57: 3 | AE57: 100 | AF57: 4 | AH57: 5 | AJ57: 50
A58: =References!$C$2 -> Direct | B58: =References!$A$5 -> def | C58: 1 | E58: 100 | F58: 2 | H58: 3 | J58: 100 | N58: =References!$C$3 -> Temp | O58: =References!$A$9 -> roll | P58: 1 | Q58: 1 | R58: 100 | S58: 1 | T58: 1 | U58: 1 | V58: 2 | W58: =(2/3)*100 -> 66.666667
A59: =References!$C$5 -> SelfTemp | B59: =References!$A$5 -> def | C59: 2 | D59: 1 | E59: 100 | F59: 2 | G59: 1 | H59: 2 | I59: 1 | J59: 100
A60: =References!$C$5 -> SelfTemp | B60: =References!$A$3 -> hp | C60: 2 | D60: 1 | E60: 100 | F60: 4 | G60: 1 | H60: 6 | I60: 1 | J60: 100

Sheet Sheet5

Sheet Mage
A1: Mage
E3: =References!$F$2 -> Name | G3: Fireball | R3: =References!$F$2 -> Name | T3: Mini Heal
E4: =References!$F$3 -> Class | G4: =References!$D$4 -> Sorcerer | R4: =References!$F$3 -> Class | T4: =References!$D$4 -> Sorcerer
E5: =References!$F$4 -> Type | G5: =References!$B$2 -> Offensive | R5: =References!$F$4 -> Type | T5: =References!$B$3 -> Defensive
E6: =References!$F$5 -> Nb. Targets | G6: 1 | R6: =References!$F$5 -> Nb. Targets | T6: 1
E7: =References!$F$6 -> Energy cost | G7: 2 | R7: =References!$F$6 -> Energy cost | T7: 3
A9: =References!$G$2 -> Type | B9: =References!$G$3 -> Stat | C9: =References!$G$4 -> Nb | D9: =References!$G$5 -> Turns | E9: =References!$G$6 -> % | F9: =References!$G$7 -> Nb | G9: =References!$G$8 -> Turns | H9: =References!$G$9 -> Nb | I9: =References!$G$10 -> Turns | J9: =References!$G$11 -> % | N9: =References!$G$2 -> Type | O9: =References!$G$3 -> Stat | P9: =References!$G$4 -> Nb | Q9: =References!$G$5 -> Turns | R9: =References!$G$6 -> % | S9: =References!$G$7 -> Nb | T9: =References!$G$8 -> Turns | U9: =References!$G$9 -> Nb | V9: =References!$G$10 -> Turns | W9: =References!$G$11 -> %
C10: =References!$H$2 -> High initiative | F10: =References!$H$3 -> Standard | H10: =References!$H$4 -> Low initiative | P10: =References!$H$2 -> High initiative | S10: =References!$H$3 -> Standard | U10: =References!$H$4 -> Low initiative
A11: =References!$C$2 -> Direct | B11: =References!$A$2 -> dmg | C11: 2 | E11: =(1/3)*100 -> 33.333333 | F11: 3 | H11: 4 | J11: =(2/3)*100 -> 66.666667 | N11: =References!$C$2 -> Direct | O11: =References!$A$3 -> hp | P11: 5 | R11: 50 | S11: 6 | U11: 8 | W11: =(1/3)*100 -> 33.333333
E19: =References!$F$2 -> Name | G19: Explosion | R19: =References!$F$2 -> Name | T19: Leech | AE19: =References!$F$2 -> Name | AG19: Enleve Def
E20: =References!$F$3 -> Class | G20: =References!$E$9 -> Wizard | R20: =References!$F$3 -> Class | T20: =References!$E$10 -> Leech | AE20: =References!$F$3 -> Class | AG20: =References!$E$11 -> Shaman
E21: =References!$F$4 -> Type | G21: =References!$B$2 -> Offensive | R21: =References!$F$4 -> Type | T21: =References!$B$2 -> Offensive | AE21: =References!$F$4 -> Type | AG21: =References!$B$2 -> Offensive
E22: =References!$F$5 -> Nb. Targets | G22: 3 | R22: =References!$F$5 -> Nb. Targets | T22: 1 | AE22: =References!$F$5 -> Nb. Targets | AG22: 1
E23: =References!$F$6 -> Energy cost | G23: 3 | R23: =References!$F$6 -> Energy cost | T23: 2 | AE23: =References!$F$6 -> Energy cost | AG23: 1
A25: =References!$G$2 -> Type | B25: =References!$G$3 -> Stat | C25: =References!$G$4 -> Nb | D25: =References!$G$5 -> Turns | E25: =References!$G$6 -> % | F25: =References!$G$7 -> Nb | G25: =References!$G$8 -> Turns | H25: =References!$G$9 -> Nb | I25: =References!$G$10 -> Turns | J25: =References!$G$11 -> % | N25: =References!$G$2 -> Type | O25: =References!$G$3 -> Stat | P25: =References!$G$4 -> Nb | Q25: =References!$G$5 -> Turns | R25: =References!$G$6 -> % | S25: =References!$G$7 -> Nb | T25: =References!$G$8 -> Turns | U25: =References!$G$9 -> Nb | V25: =References!$G$10 -> Turns | W25: =References!$G$11 -> % | AA25: =References!$G$2 -> Type | AB25: =References!$G$3 -> Stat | AC25: =References!$G$4 -> Nb | AD25: =References!$G$5 -> Turns | AE25: =References!$G$6 -> % | AF25: =References!$G$7 -> Nb | AG25: =References!$G$8 -> Turns | AH25: =References!$G$9 -> Nb | AI25: =References!$G$10 -> Turns | AJ25: =References!$G$11 -> %
C26: =References!$H$2 -> High initiative | F26: =References!$H$3 -> Standard | H26: =References!$H$4 -> Low initiative | P26: =References!$H$2 -> High initiative | S26: =References!$H$3 -> Standard | U26: =References!$H$4 -> Low initiative | AC26: =References!$H$2 -> High initiative | AF26: =References!$H$3 -> Standard | AH26: =References!$H$4 -> Low initiative
A27: =References!$C$2 -> Direct | B27: =References!$A$2 -> dmg | C27: 2 | E27: 50 | F27: 3 | H27: 4 | J27: 100 | N27: =References!$C$2 -> Direct | O27: =References!$A$2 -> dmg | P27: 2 | R27: 100 | S27: 2 | U27: 3 | W27: 100 | AA27: =References!$C$2 -> Direct | AB27: =References!$A$5 -> def | AC27: -1 | AE27: 100 | AF27: -2 | AH27: -2 | AJ27: 100
N28: =References!$C$4 -> SelfDirect | O28: =References!$A$3 -> hp | P28: 1 | R28: 100 | S28: 2 | U28: 3 | W28: 100
E35: =References!$F$2 -> Name | G35: Freeze | R35: =References!$F$2 -> Name | T35: Kamikaze | AE35: =References!$F$2 -> Name | AG35: Stun
E36: =References!$F$3 -> Class | G36: =References!$E$9 -> Wizard | R36: =References!$F$3 -> Class | T36: =References!$E$10 -> Leech | AE36: =References!$F$3 -> Class | AG36: =References!$E$11 -> Shaman
E37: =References!$F$4 -> Type | G37: =References!$B$2 -> Offensive | R37: =References!$F$4 -> Type | T37: =References!$B$2 -> Offensive | AE37: =References!$F$4 -> Type | AG37: =References!$B$2 -> Offensive
E38: =References!$F$5 -> Nb. Targets | G38: 1 | R38: =References!$F$5 -> Nb. Targets | T38: 1 | AE38: =References!$F$5 -> Nb. Targets | AG38: 1
E39: =References!$F$6 -> Energy cost | G39: 2 | R39: =References!$F$6 -> Energy cost | T39: 3 | AE39: =References!$F$6 -> Energy cost | AG39: 3
A41: =References!$G$2 -> Type | B41: =References!$G$3 -> Stat | C41: =References!$G$4 -> Nb | D41: =References!$G$5 -> Turns | E41: =References!$G$6 -> % | F41: =References!$G$7 -> Nb | G41: =References!$G$8 -> Turns | H41: =References!$G$9 -> Nb | I41: =References!$G$10 -> Turns | J41: =References!$G$11 -> % | N41: =References!$G$2 -> Type | O41: =References!$G$3 -> Stat | P41: =References!$G$4 -> Nb | Q41: =References!$G$5 -> Turns | R41: =References!$G$6 -> % | S41: =References!$G$7 -> Nb | T41: =References!$G$8 -> Turns | U41: =References!$G$9 -> Nb | V41: =References!$G$10 -> Turns | W41: =References!$G$11 -> % | AA41: =References!$G$2 -> Type | AB41: =References!$G$3 -> Stat | AC41: =References!$G$4 -> Nb | AD41: =References!$G$5 -> Turns | AE41: =References!$G$6 -> % | AF41: =References!$G$7 -> Nb | AG41: =References!$G$8 -> Turns | AH41: =References!$G$9 -> Nb | AI41: =References!$G$10 -> Turns | AJ41: =References!$G$11 -> %
C42: =References!$H$2 -> High initiative | F42: =References!$H$3 -> Standard | H42: =References!$H$4 -> Low initiative | P42: =References!$H$2 -> High initiative | S42: =References!$H$3 -> Standard | U42: =References!$H$4 -> Low initiative | AC42: =References!$H$2 -> High initiative | AF42: =References!$H$3 -> Standard | AH42: =References!$H$4 -> Low initiative
A43: =References!$C$2 -> Direct | B43: =References!$A$2 -> dmg | C43: 3 | E43: 100 | F43: 4 | H43: 5 | J43: =(1/3)*100 -> 33.333333 | N43: =References!$C$2 -> Direct | O43: =References!$A$2 -> dmg | P43: 7 | R43: 100 | S43: 8 | U43: 9 | W43: 100 | AA43: =References!$C$2 -> Direct | AB43: =References!$A$2 -> dmg | AC43: 1 | AE43: 100 | AF43: 2 | AH43: 3 | AJ43: 100
A44: =References!$C$3 -> Temp | B44: =References!$A$6 -> spd | C44: -2 | D44: 1 | E44: 100 | F44: -2 | G44: 1 | H44: -2 | I44: 1 | J44: 100 | N44: =References!$C$4 -> SelfDirect | O44: =References!$A$3 -> hp | P44: -3 | R44: 100 | S44: -3 | U44: -3 | W44: 100 | AA44: =References!$C$2 -> Direct | AB44: =References!$A$8 -> stun | AC44: 1 | AE44: 100 | AF44: 1 | AH44: 1 | AJ44: 100
E49: =References!$F$2 -> Name | G49: Grosse Fireball | R49: =References!$F$2 -> Name | T49: Enleve energy | AE49: =References!$F$2 -> Name | AG49: Energy Buff
E50: =References!$F$3 -> Class | G50: =References!$E$9 -> Wizard | R50: =References!$F$3 -> Class | T50: =References!$E$10 -> Leech | AE50: =References!$F$3 -> Class | AG50: =References!$E$11 -> Shaman
E51: =References!$F$4 -> Type | G51: =References!$B$2 -> Offensive | R51: =References!$F$4 -> Type | T51: =References!$B$3 -> Defensive | AE51: =References!$F$4 -> Type | AG51: =References!$B$3 -> Defensive
E52: =References!$F$5 -> Nb. Targets | G52: 1 | R52: =References!$F$5 -> Nb. Targets | T52: 1 | AE52: =References!$F$5 -> Nb. Targets | AG52: 1
E53: =References!$F$6 -> Energy cost | G53: 4 | R53: =References!$F$6 -> Energy cost | T53: 3 | AE53: =References!$F$6 -> Energy cost | AG53: 3
A55: =References!$G$2 -> Type | B55: =References!$G$3 -> Stat | C55: =References!$G$4 -> Nb | D55: =References!$G$5 -> Turns | E55: =References!$G$6 -> % | F55: =References!$G$7 -> Nb | G55: =References!$G$8 -> Turns | H55: =References!$G$9 -> Nb | I55: =References!$G$10 -> Turns | J55: =References!$G$11 -> % | N55: =References!$G$2 -> Type | O55: =References!$G$3 -> Stat | P55: =References!$G$4 -> Nb | Q55: =References!$G$5 -> Turns | R55: =References!$G$6 -> % | S55: =References!$G$7 -> Nb | T55: =References!$G$8 -> Turns | U55: =References!$G$9 -> Nb | V55: =References!$G$10 -> Turns | W55: =References!$G$11 -> % | AA55: =References!$G$2 -> Type | AB55: =References!$G$3 -> Stat | AC55: =References!$G$4 -> Nb | AD55: =References!$G$5 -> Turns | AE55: =References!$G$6 -> % | AF55: =References!$G$7 -> Nb | AG55: =References!$G$8 -> Turns | AH55: =References!$G$9 -> Nb | AI55: =References!$G$10 -> Turns | AJ55: =References!$G$11 -> %
C56: =References!$H$2 -> High initiative | F56: =References!$H$3 -> Standard | H56: =References!$H$4 -> Low initiative | P56: =References!$H$2 -> High initiative | S56: =References!$H$3 -> Standard | U56: =References!$H$4 -> Low initiative | AC56: =References!$H$2 -> High initiative | AF56: =References!$H$3 -> Standard | AH56: =References!$H$4 -> Low initiative
A57: =References!$C$2 -> Direct | B57: =References!$A$2 -> dmg | C57: 8 | E57: 100 | F57: 10 | H57: 12 | J57: =(1/3)*100 -> 33.333333 | N57: =References!$C$2 -> Direct | O57: =References!$A$2 -> dmg | P57: 1 | R57: 100 | S57: 2 | U57: 3 | W57: 100 | AA57: =References!$C$2 -> Direct | AB57: =References!$A$3 -> hp | AC57: 1 | AE57: 100 | AF57: 2 | AH57: 3 | AJ57: 100
N58: =References!$C$2 -> Direct | O58: =References!$A$4 -> enrg | P58: 1 | R58: 100 | S58: 1 | U58: 2 | W58: =(1/3)*100 -> 33.333333 | AA58: =References!$C$2 -> Direct | AB58: =References!$A$4 -> enrg | AC58: 1 | AE58: 100 | AF58: 1 | AH58: 2 | AJ58: 50

Sheet Sheet2
Q1: 10 | R1: standard | S1: low | T1: high | U1: moy point | V1: moy / mana | W1: moy sur 5 round | X1: moy efficacité sur 5 round | Y1: residuel de mana | Z1: score avec residuel (Efficacité) | AA1: Impact | AB1: impact^eff | AC1: eff^impact | AD1: Total
A2: Wait | B2: 0 | F2: - | G2: - | I2: - | J2: - | K2: - | M2: - | N2: - | O2: -
A3: Attack | B3: 1 | D3: Direct | E3: dmg | F3: 1 | G3: 1 | I3: 1 | J3: 1 | K3: 1 | M3: 2 | N3: 1 | O3: 1 | Q3: =_xlfn.FLOOR.MATH($Q$1/IF(B3=1,2,B3)) -> 5 | R3: =(F3*G3) -> 1 | S3: =(I3+((F3-I3)*(1-K3)))*J3 -> 1 | T3: =(F3+((M3-F3)*(O3)))*N3 -> 2 | U3: =(R3+S3+T3)/3 -> 1.3333333 | V3: =U3/B3 -> 1.3333333 | W3: =U3*Q3 -> 6.6666667 | X3: =V3*Q3 -> 6.6666667 | Y3: =IF(B3=1,5,MOD($Q$1,Q3)) -> 5 | Z3: =((X3/$Q$1)*Y3)+X3 -> 10 | AA3: =((W3/20)+1) -> 1.3333333 | AB3: =AA3^Z3 -> 17.757727 | AC3: =Z3^AA3 -> 21.544347 | AD3: =(AB3+AC3)/2 -> 19.651037
A4: Super Attack | B4: 2 | D4: Direct | E4: dmg | F4: 3 | G4: 1 | I4: 2 | J4: 1 | K4: 1 | M4: 3 | N4: 1 | O4: 1 | Q4: =_xlfn.FLOOR.MATH($Q$1/IF(B4=1,2,B4)) -> 5 | R4: =(F4*G4) -> 3 | S4: =(I4+((F4-I4)*(1-K4)))*J4 -> 2 | T4: =(F4+((M4-F4)*(O4)))*N4 -> 3 | U4: =(R4+S4+T4)/3 -> 2.6666667 | V4: =U4/B4 -> 1.3333333 | W4: =U4*Q4 -> 13.333333 | X4: =V4*Q4 -> 6.6666667 | Y4: =IF(B4=1,5,MOD($Q$1,Q4)) -> 0 | Z4: =((X4/$Q$1)*Y4)+X4 -> 6.6666667 | AA4: =((W4/20)+1) -> 1.6666667 | AB4: =AA4^Z4 -> 30.129482 | AC4: =Z4^AA4 -> 23.614635 | AD4: =(AB4+AC4)/2 -> 26.872058
A5: Attaque cool | B5: 1 | D5: Direct | E5: dmg | F5: 2 | G5: 1 | H5: 2 | I5: 1 | J5: 1 | K5: 1 | M5: 2 | N5: 1 | O5: 1 | Q5: =_xlfn.FLOOR.MATH($Q$1/IF(B5=1,2,B5)) -> 5 | R5: =(F5*G5) -> 2 | S5: =(I5+((F5-I5)*(1-K5)))*J5 -> 1 | T5: =(F5+((M5-F5)*(O5)))*N5 -> 2 | U5: =(R5+S5+T5)/3 -> 1.6666667 | V5: =U5/B5 -> 1.6666667 | W5: =U5*Q5 -> 8.3333333 | X5: =V5*Q5 -> 8.3333333 | Y5: =IF(B5=1,5,MOD($Q$1,Q5)) -> 5 | Z5: =((X5/$Q$1)*Y5)+X5 -> 12.5 | AA5: =((W5/20)+1) -> 1.4166667 | AB5: =AA5^Z5 -> 77.776061 | AC5: =Z5^AA5 -> 35.806004 | AD5: =(AB5+AC5)/2 -> 56.791032
A6: Shield | B6: 2 | D6: Direct | E6: def | F6: 1 | G6: 1 | I6: 1 | J6: 1 | K6: 1 | M6: 1 | N6: 1 | O6: 1 | Q6: =_xlfn.FLOOR.MATH($Q$1/IF(B6=1,2,B6)) -> 5 | R6: =(F6*G6) -> 1 | S6: =(I6+((F6-I6)*(1-K6)))*J6 -> 1 | T6: =(F6+((M6-F6)*(O6)))*N6 -> 1 | U6: =(R6+S6+T6)/3 -> 1 | V6: =U6/B6 -> 0.5 | W6: =(U6+U7)*Q6 -> 15 | X6: =(V6+V7)*Q6 -> 7.5 | Y6: =IF(B6=1,5,MOD($Q$1,Q6)) -> 0 | Z6: =((X6/$Q$1)*Y6)+X6 -> 7.5 | AA6: =((W6/20)+1) -> 1.75 | AB6: =AA6^Z6 -> 66.494445 | AC6: =Z6^AA6 -> 33.990473 | AD6: =(AB6+AC6)/2 -> 50.242459
B7: 2 | D7: Temp | E7: def | F7: 1 | G7: 2 | I7: 1 | J7: 1 | K7: 1 | M7: 1 | N7: 3 | O7: 1 | Q7: =_xlfn.FLOOR.MATH($Q$1/IF(B7=1,2,B7)) -> 5 | R7: =(F7*G7) -> 2 | S7: =(I7+((F7-I7)*(1-K7)))*J7 -> 1 | T7: =(F7+((M7-F7)*(O7)))*N7 -> 3 | U7: =(R7+S7+T7)/3 -> 2 | V7: =U7/B7 -> 1
A8: Fireball | B8: 2 | D8: Direct | E8: dmg | F8: 3 | G8: 1 | I8: 2 | J8: 1 | K8: 0.33 | M8: 4 | N8: 1 | O8: 0.66 | Q8: =_xlfn.FLOOR.MATH($Q$1/IF(B8=1,2,B8)) -> 5 | R8: =(F8*G8) -> 3 | S8: =(I8+((F8-I8)*(1-K8)))*J8 -> 2.67 | T8: =(F8+((M8-F8)*(O8)))*N8 -> 3.66 | U8: =(R8+S8+T8)/3 -> 3.11 | V8: =U8/B8 -> 1.555 | W8: =U8*Q8 -> 15.55 | X8: =V8*Q8 -> 7.775 | Y8: =IF(B8=1,5,MOD($Q$1,Q8)) -> 0 | Z8: =((X8/$Q$1)*Y8)+X8 -> 7.775 | AA8: =((W8/20)+1) -> 1.7775 | AB8: =AA8^Z8 -> 87.552734 | AC8: =Z8^AA8 -> 38.301868 | AD8: =(AB8+AC8)/2 -> 62.927301
A9: MiniHeal | B9: 3 | D9: Direct | E9: hp | F9: 6 | G9: 1 | I9: 5 | J9: 1 | K9: 0.5 | M9: 8 | N9: 1 | O9: 0.33 | Q9: =_xlfn.FLOOR.MATH($Q$1/IF(B9=1,2,B9)) -> 3 | R9: =(F9*G9) -> 6 | S9: =(I9+((F9-I9)*(1-K9)))*J9 -> 5.5 | T9: =(F9+((M9-F9)*(O9)))*N9 -> 6.66 | U9: =(R9+S9+T9)/3 -> 6.0533333 | V9: =U9/B9 -> 2.0177778 | W9: =U9*Q9 -> 18.16 | X9: =V9*Q9 -> 6.0533333 | Y9: =IF(B9=1,5,MOD($Q$1,Q9)) -> 1 | Z9: =((X9/$Q$1)*Y9)+X9 -> 6.6586667 | AA9: =((W9/20)+1) -> 1.908 | AB9: =AA9^Z9 -> 73.837646 | AC9: =Z9^AA9 -> 37.241136 | AD9: =(AB9+AC9)/2 -> 55.539391
A10: MiniPoison | B10: 3 | D10: Direct | E10: dmg | F10: 2 | G10: 1 | I10: 1 | J10: 1 | K10: 0.33 | M10: 3 | N10: 1 | O10: 0.7 | Q10: =_xlfn.FLOOR.MATH($Q$1/IF(B10=1,2,B10)) -> 3 | R10: =(F10*G10) -> 2 | S10: =(I10+((F10-I10)*(1-K10)))*J10 -> 1.67 | T10: =(F10+((M10-F10)*(O10)))*N10 -> 2.7 | U10: =(R10+S10+T10)/3 -> 2.1233333 | V10: =U10/B10 -> 0.70777778 | W10: =(U10+U11)*Q10 -> 17.71 | X10: =(V10+V11)*Q10 -> 5.9033333 | Y10: =IF(B10=1,5,MOD($Q$1,Q10)) -> 1 | Z10: =((X10/$Q$1)*Y10)+X10 -> 6.4936667 | AA10: =((W10/20)+1) -> 1.8855 | AB10: =AA10^Z10 -> 61.450882 | AC10: =Z10^AA10 -> 34.036891 | AD10: =(AB10+AC10)/2 -> 47.743886
B11: 3 | D11: Temp | E11: dmg | F11: 2 | G11: 2 | I11: 1 | J11: 2 | K11: 0.33 | M11: 2 | N11: 2 | O11: 1 | Q11: =_xlfn.FLOOR.MATH($Q$1/IF(B11=1,2,B11)) -> 3 | R11: =(F11*G11) -> 4 | S11: =(I11+((F11-I11)*(1-K11)))*J11 -> 3.34 | T11: =(F11+((M11-F11)*(O11)))*N11 -> 4 | U11: =(R11+S11+T11)/3 -> 3.78 | V11: =U11/B11 -> 1.26
A12: GiveSpeed | B12: 1 | D12: Temp | E12: spd | F12: 1 | G12: 2 | I12: 1 | J12: 1 | K12: 1 | M12: 1 | N12: 3 | O12: 1
A13: Balance | B13: 3 | D13: Direct | E13: dmg | F13: 4 | G13: 1 | I13: 3 | J13: 1 | K13: 1 | M13: 5 | N13: 1 | O13: 1 | Q13: =_xlfn.FLOOR.MATH($Q$1/IF(B13=1,2,B13)) -> 3 | R13: =(F13*G13) -> 4 | S13: =(I13+((F13-I13)*(1-K13)))*J13 -> 3 | T13: =(F13+((M13-F13)*(O13)))*N13 -> 5 | U13: =(R13+S13+T13)/3 -> 4 | V13: =U13/B13 -> 1.3333333 | W13: =(U13+U14+U15)*Q13 -> 19 | X13: =(V13+V14+V15)*Q13 -> 6.3333333 | Y13: =IF(B13=1,5,MOD($Q$1,Q13)) -> 1 | Z13: =((X13/$Q$1)*Y13)+X13 -> 6.9666667 | AA13: =((W13/20)+1) -> 1.95 | AB13: =AA13^Z13 -> 104.85145 | AC13: =Z13^AA13 -> 44.045223 | AD13: =(AB13+AC13)/2 -> 74.448339
B14: 3 | D14: Direct | E14: def | F14: 1 | G14: 1 | I14: 1 | J14: 1 | K14: 1 | M14: 1 | N14: 1 | O14: 1 | Q14: =_xlfn.FLOOR.MATH($Q$1/IF(B14=1,2,B14)) -> 3 | R14: =(F14*G14) -> 1 | S14: =(I14+((F14-I14)*(1-K14)))*J14 -> 1 | T14: =(F14+((M14-F14)*(O14)))*N14 -> 1 | U14: =(R14+S14+T14)/3 -> 1 | V14: =U14/B14 -> 0.33333333
B15: 3 | D15: SelfTemp | E15: def | F15: 1 | G15: 1 | I15: 1 | J15: 1 | K15: 1 | M15: 1 | N15: 2 | O15: 1 | Q15: =_xlfn.FLOOR.MATH($Q$1/IF(B15=1,2,B15)) -> 3 | R15: =(F15*G15) -> 1 | S15: =(I15+((F15-I15)*(1-K15)))*J15 -> 1 | T15: =(F15+((M15-F15)*(O15)))*N15 -> 2 | U15: =(R15+S15+T15)/3 -> 1.3333333 | V15: =U15/B15 -> 0.44444444
A16: Full Plate | B16: - | D16: Passive | E16: def | F16: 1 | G16: 1
A17: Double Hit | B17: 3 | D17: Direct | E17: dmg | F17: 3 | G17: 1 | I17: 3 | J17: 1 | K17: 1 | M17: 4 | N17: 1 | O17: 1 | Q17: =_xlfn.FLOOR.MATH($Q$1/IF(B17=1,2,B17)) -> 3 | R17: =(F17*G17) -> 3 | S17: =(I17+((F17-I17)*(1-K17)))*J17 -> 3 | T17: =(F17+((M17-F17)*(O17)))*N17 -> 4 | U17: =(R17+S17+T17)/3 -> 3.3333333 | V17: =U17/B17 -> 1.1111111 | W17: =(U17+U18)*Q17 -> 18 | X17: =(V17+V18)*Q17 -> 6 | Y17: =IF(B17=1,5,MOD($Q$1,Q17)) -> 1 | Z17: =((X17/$Q$1)*Y17)+X17 -> 6.6 | AA17: =((W17/20)+1) -> 1.9 | AB17: =AA17^Z17 -> 69.147067 | AC17: =Z17^AA17 -> 36.068948 | AD17: =(AB17+AC17)/2 -> 52.608008
B18: 3 | D18: Direct | E18: dmg | F18: 3 | G18: 1 | I18: 2 | J18: 1 | K18: 1 | M18: 3 | N18: 1 | O18: 1 | Q18: =_xlfn.FLOOR.MATH($Q$1/IF(B18=1,2,B18)) -> 3 | R18: =(F18*G18) -> 3 | S18: =(I18+((F18-I18)*(1-K18)))*J18 -> 2 | T18: =(F18+((M18-F18)*(O18)))*N18 -> 3 | U18: =(R18+S18+T18)/3 -> 2.6666667 | V18: =U18/B18 -> 0.88888889
A19: Explosion / 3 | B19: 3 | D19: DirectAll | E19: dmg | F19: 9 | G19: 1 | I19: 6 | J19: 1 | K19: 0.5 | M19: 12 | N19: 1 | O19: 1 | Q19: =_xlfn.FLOOR.MATH($Q$1/IF(B19=1,2,B19)) -> 3 | R19: =(F19*G19) -> 9 | S19: =(I19+((F19-I19)*(1-K19)))*J19 -> 7.5 | T19: =(F19+((M19-F19)*(O19)))*N19 -> 12 | U19: =(R19+S19+T19)/3 -> 9.5 | V19: =U19/B19 -> 3.1666667 | W19: =U19*Q19 -> 28.5 | X19: =V19*Q19 -> 9.5 | Y19: =IF(B19=1,5,MOD($Q$1,Q19)) -> 1 | Z19: =((X19/$Q$1)*Y19)+X19 -> 10.45 | AA19: =((W19/60)+1) -> 1.475 | AB19: =AA19^Z19 -> 58.059944 | AC19: =Z19^AA19 -> 31.856388 | AD19: =(AB19+AC19)/2 -> 44.958166
A20: Leech | B20: 2 | D20: Direct | E20: dmg | F20: 2 | G20: 1 | I20: 2 | J20: 1 | K20: 1 | M20: 3 | N20: 1 | O20: 1 | Q20: =_xlfn.FLOOR.MATH($Q$1/IF(B20=1,2,B20)) -> 5 | R20: =(F20*G20) -> 2 | S20: =(I20+((F20-I20)*(1-K20)))*J20 -> 2 | T20: =(F20+((M20-F20)*(O20)))*N20 -> 3 | U20: =(R20+S20+T20)/3 -> 2.3333333 | V20: =U20/B20 -> 1.1666667 | W20: =(U20+U21)*Q20 -> 20 | X20: =(V20+V21)*Q20 -> 10 | Y20: =IF(B20=1,5,MOD($Q$1,Q20)) -> 0 | Z20: =((X20/$Q$1)*Y20)+X20 -> 10 | AA20: =((W20/40)+1) -> 1.5 | AB20: =AA20^Z20 -> 57.665039 | AC20: =Z20^AA20 -> 31.622777 | AD20: =(AB20+AC20)/2 -> 44.643908
B21: 2 | D21: Self | E21: hp | F21: 2 | G21: 1 | I21: 1 | J21: 1 | K21: 1 | M21: 2 | N21: 1 | O21: 1 | Q21: =_xlfn.FLOOR.MATH($Q$1/IF(B21=1,2,B21)) -> 5 | R21: =(F21*G21) -> 2 | S21: =(I21+((F21-I21)*(1-K21)))*J21 -> 1 | T21: =(F21+((M21-F21)*(O21)))*N21 -> 2 | U21: =(R21+S21+T21)/3 -> 1.6666667 | V21: =U21/B21 -> 0.83333333
A22: Enleve def | B22: 1 | D22: Direct | E22: def | F22: 2 | G22: 1 | I22: 1 | J22: 1 | K22: 1 | M22: 2 | N22: 1 | O22: 1 | Q22: =_xlfn.FLOOR.MATH($Q$1/IF(B22=1,2,B22)) -> 5 | R22: =(F22*G22) -> 2 | S22: =(I22+((F22-I22)*(1-K22)))*J22 -> 1 | T22: =(F22+((M22-F22)*(O22)))*N22 -> 2 | U22: =(R22+S22+T22)/3 -> 1.6666667 | V22: =U22/B22 -> 1.6666667 | W22: =U22*Q22 -> 8.3333333 | X22: =V22*Q22 -> 8.3333333 | Y22: =IF(B22=1,5,MOD($Q$1,Q22)) -> 5 | Z22: =((X22/$Q$1)*Y22)+X22 -> 12.5 | AA22: =((W22/20)+1) -> 1.4166667 | AB22: =AA22^Z22 -> 77.776061 | AC22: =Z22^AA22 -> 35.806004 | AD22: =(AB22+AC22)/2 -> 56.791032
A23: Heal over time | B23: 3 | D23: Direct | E23: hp | F23: 3 | G23: 1 | I23: 2 | J23: 1 | K23: 1 | M23: 3 | N23: 1 | O23: 1 | Q23: =_xlfn.FLOOR.MATH($Q$1/IF(B23=1,2,B23)) -> 3 | R23: =(F23*G23) -> 3 | S23: =(I23+((F23-I23)*(1-K23)))*J23 -> 2 | T23: =(F23+((M23-F23)*(O23)))*N23 -> 3 | U23: =(R23+S23+T23)/3 -> 2.6666667 | V23: =U23/B23 -> 0.88888889 | W23: =(U23+U24)*Q23 -> 19 | X23: =(V23+V24)*Q23 -> 6.3333333 | Y23: =IF(B23=1,5,MOD($Q$1,Q23)) -> 1 | Z23: =((X23/$Q$1)*Y23)+X23 -> 6.9666667 | AA23: =((W23/20)+1) -> 1.95 | AB23: =AA23^Z23 -> 104.85145 | AC23: =Z23^AA23 -> 44.045223 | AD23: =(AB23+AC23)/2 -> 74.448339
B24: 3 | D24: Temp | E24: hp | F24: 2 | G24: 2 | I24: 2 | J24: 1 | K24: 1 | M24: 3 | N24: 2 | O24: 0.5 | Q24: =_xlfn.FLOOR.MATH($Q$1/IF(B24=1,2,B24)) -> 3 | R24: =(F24*G24) -> 4 | S24: =(I24+((F24-I24)*(1-K24)))*J24 -> 2 | T24: =(F24+((M24-F24)*(O24)))*N24 -> 5 | U24: =(R24+S24+T24)/3 -> 3.6666667 | V24: =U24/B24 -> 1.2222222
A25: Speed | B25: - | D25: Passive | E25: spd | F25: 1 | G25: 1 | J25: 1 | N25: 1
A26: Call Beast | B26: 2 | D26: - | F26: - | G26: 1 | I26: - | J26: 1 | K26: - | M26: - | N26: 1 | O26: -
B27: 2 | G27: 1 | J27: 1 | N27: 1
A28: Cleave / 2 | B28: 4 | D28: DirectAll | E28: dmg | F28: 16 | G28: 1 | I28: 14 | J28: 1 | K28: 1 | M28: 18 | N28: 1 | O28: 1 | Q28: =_xlfn.FLOOR.MATH($Q$1/IF(B28=1,2,B28)) -> 2 | R28: =(F28*G28) -> 16 | S28: =(I28+((F28-I28)*(1-K28)))*J28 -> 14 | T28: =(F28+((M28-F28)*(O28)))*N28 -> 18 | U28: =(R28+S28+T28)/3 -> 16 | V28: =U28/B28 -> 4 | W28: =U28*Q28 -> 32 | X28: =V28*Q28 -> 8 | Y28: =IF(B28=1,5,MOD($Q$1,Q28)) -> 0 | Z28: =((X28/$Q$1)*Y28)+X28 -> 8 | AA28: =((W28/40)+1) -> 1.8 | AB28: =AA28^Z28 -> 110.19961 | AC28: =Z28^AA28 -> 42.224253 | AD28: =(AB28+AC28)/2 -> 76.211929
A29: Shield/Retaliate | B29: 2 | D29: Direct | E29: def | F29: 1 | G29: 1 | I29: 1 | J29: 1 | K29: 1 | M29: 1 | N29: 1 | O29: 1 | Q29: =_xlfn.FLOOR.MATH($Q$1/IF(B29=1,2,B29)) -> 5 | R29: =(F29*G29) -> 1 | S29: =(I29+((F29-I29)*(1-K29)))*J29 -> 1 | T29: =(F29+((M29-F29)*(O29)))*N29 -> 1 | U29: =(R29+S29+T29)/3 -> 1 | V29: =U29/B29 -> 0.5 | W29: =(U29+U30+U31+U32)*Q29 -> 21.666667 | X29: =(V29+V30+V31+V32)*Q29 -> 10.833333 | Y29: =IF(B29=1,5,MOD($Q$1,Q29)) -> 0 | Z29: =((X29/$Q$1)*Y29)+X29 -> 10.833333 | AA29: =((W29/40)+1) -> 1.5416667 | AB29: =AA29^Z29 -> 108.78363 | AC29: =Z29^AA29 -> 39.378416 | AD29: =(AB29+AC29)/2 -> 74.081025
B30: 2 | D30: Direct | E30: rtl | F30: 1 | G30: 1 | I30: 1 | J30: 1 | K30: 1 | M30: 1 | N30: 1 | O30: 1 | Q30: =_xlfn.FLOOR.MATH($Q$1/IF(B30=1,2,B30)) -> 5 | R30: =(F30*G30) -> 1 | S30: =(I30+((F30-I30)*(1-K30)))*J30 -> 1 | T30: =(F30+((M30-F30)*(O30)))*N30 -> 1 | U30: =(R30+S30+T30)/3 -> 1 | V30: =U30/B30 -> 0.5
B31: 2 | D31: Temp | E31: def | F31: 2 | G31: 1 | I31: 0 | J31: 1 | K31: 1 | M31: 2 | N31: 1 | O31: 1 | Q31: =_xlfn.FLOOR.MATH($Q$1/IF(B31=1,2,B31)) -> 5 | R31: =(F31*G31) -> 2 | S31: =(I31+((F31-I31)*(1-K31)))*J31 -> 0 | T31: =(F31+((M31-F31)*(O31)))*N31 -> 2 | U31: =(R31+S31+T31)/3 -> 1.3333333 | V31: =U31/B31 -> 0.66666667
B32: 2 | D32: Temp | E32: rtl | F32: 1 | G32: 1 | I32: 0 | J32: 1 | K32: 1 | M32: 2 | N32: 1 | O32: 1 | Q32: =_xlfn.FLOOR.MATH($Q$1/IF(B32=1,2,B32)) -> 5 | R32: =(F32*G32) -> 1 | S32: =(I32+((F32-I32)*(1-K32)))*J32 -> 0 | T32: =(F32+((M32-F32)*(O32)))*N32 -> 2 | U32: =(R32+S32+T32)/3 -> 1 | V32: =U32/B32 -> 0.5
A33: Atk Stun | B33: 3 | D33: Direct | E33: dmg | F33: 5 | G33: 1 | I33: 4 | J33: 1 | K33: 1 | M33: 6 | N33: 1 | O33: 0.66 | Q33: 4 | R33: =(F33*G33) -> 5 | S33: =(I33+((F33-I33)*(1-K33)))*J33 -> 4 | T33: =(F33+((M33-F33)*(O33)))*N33 -> 5.66 | U33: =(R33+S33+T33)/3 -> 4.8866667 | V33: =U33/B33 -> 1.6288889 | W33: =U33*Q33 -> 19.546667 | X33: =V33*Q33 -> 6.5155556 | Y33: =IF(B33=1,5,MOD($Q$1,Q33)) -> 2 | Z33: =((X33/$Q$1)*Y33)+X33 -> 7.8186667 | AA33: =((W33/20)+1) -> 1.9773333 | AB33: =AA33^Z33 -> 206.51421 | AC33: =Z33^AA33 -> 58.347339 | AD33: =(AB33+AC33)/2 -> 132.43078
B34: 3 | D34: Direct | F34: stn | G34: 1 | I34: stn | J34: 1 | M34: stn | N34: 1 | O34: 1
A35: Heal | B35: 2 | D35: Direct | E35: hp | F35: 3 | G35: 1 | I35: 2 | J35: 1 | K35: 1 | M35: 5 | N35: 1 | O35: 1 | Q35: =_xlfn.FLOOR.MATH($Q$1/IF(B35=1,2,B35)) -> 5 | R35: =(F35*G35) -> 3 | S35: =(I35+((F35-I35)*(1-K35)))*J35 -> 2 | T35: =(F35+((M35-F35)*(O35)))*N35 -> 5 | U35: =(R35+S35+T35)/3 -> 3.3333333 | V35: =U35/B35 -> 1.6666667 | W35: =U35*Q35 -> 16.666667 | X35: =V35*Q35 -> 8.3333333 | Y35: =IF(B35=1,5,MOD($Q$1,Q35)) -> 0 | Z35: =((X35/$Q$1)*Y35)+X35 -> 8.3333333 | AA35: =((W35/20)+1) -> 1.8333333 | AB35: =AA35^Z35 -> 156.19913 | AC35: =Z35^AA35 -> 48.77168 | AD35: =(AB35+AC35)/2 -> 102.48541
A36: Tornado | B36: 2 | D36: DirectAll | E36: dmg | F36: 6 | G36: 1 | I36: 3 | J36: 1 | K36: 1 | M36: 9 | N36: 1 | O36: 0.33 | Q36: =_xlfn.FLOOR.MATH($Q$1/IF(B36=1,2,B36)) -> 5 | R36: =(F36*G36) -> 6 | S36: =(I36+((F36-I36)*(1-K36)))*J36 -> 3 | T36: =(F36+((M36-F36)*(O36)))*N36 -> 6.99 | U36: =(R36+S36+T36)/3 -> 5.33 | V36: =U36/B36 -> 2.665 | W36: =U36*Q36 -> 26.65 | X36: =V36*Q36 -> 13.325 | Y36: =IF(B36=1,5,MOD($Q$1,Q36)) -> 0 | Z36: =((X36/$Q$1)*Y36)+X36 -> 13.325 | AA36: =((W36/60)+1) -> 1.4441667 | AB36: =AA36^Z36 -> 133.93705 | AC36: =Z36^AA36 -> 42.092712 | AD36: =(AB36+AC36)/2 -> 88.014883
A37: Qqc -def -spd +atk | B37: 3 | D37: Direct | E37: dmg | F37: 7 | G37: 1 | I37: 6 | J37: 1 | K37: 0.5 | M37: 8 | N37: 1 | O37: 1 | Q37: =_xlfn.FLOOR.MATH($Q$1/IF(B37=1,2,B37)) -> 3 | R37: =(F37*G37) -> 7 | S37: =(I37+((F37-I37)*(1-K37)))*J37 -> 6.5 | T37: =(F37+((M37-F37)*(O37)))*N37 -> 8 | U37: =(R37+S37+T37)/3 -> 7.1666667 | V37: =U37/B37 -> 2.3888889 | W37: =U37*Q37 -> 21.5 | X37: =V37*Q37 -> 7.1666667 | Y37: =IF(B37=1,5,MOD($Q$1,Q37)) -> 1 | Z37: =((X37/$Q$1)*Y37)+X37 -> 7.8833333 | AA37: =((W37/20)+1) -> 2.075 | AB37: =AA37^Z37 -> 315.61626 | AC37: =Z37^AA37 -> 72.555948 | AD37: =(AB37+AC37)/2 -> 194.0861
B38: 3 | D38: Self | E38: def | F38: -2 | G38: 1 | I38: -2 | J38: 1 | K38: 1 | M38: -2 | N38: 1 | O38: 1 | Q38: =_xlfn.FLOOR.MATH($Q$1/IF(B38=1,2,B38)) -> 3 | R38: =(F38*G38) -> -2 | S38: =(I38+((F38-I38)*(1-K38)))*J38 -> -2 | T38: =(F38+((M38-F38)*(O38)))*N38 -> -2 | U38: =(R38+S38+T38)/3 -> -2 | V38: =U38/B38 -> -0.66666667
B39: 3 | D39: Self | E39: spd | F39: -2 | G39: 1 | I39: -2 | J39: 1 | K39: 1 | M39: -2 | N39: 1 | O39: 1 | Q39: =_xlfn.FLOOR.MATH($Q$1/IF(B39=1,2,B39)) -> 3 | R39: =(F39*G39) -> -2 | S39: =(I39+((F39-I39)*(1-K39)))*J39 -> -2 | T39: =(F39+((M39-F39)*(O39)))*N39 -> -2 | U39: =(R39+S39+T39)/3 -> -2 | V39: =U39/B39 -> -0.66666667
A40: Freeze | B40: 2 | D40: Direct | E40: dmg | F40: 4 | G40: 1 | I40: 3 | J40: 1 | K40: 1 | M40: 5 | N40: 1 | O40: 0.3 | Q40: =_xlfn.FLOOR.MATH($Q$1/IF(B40=1,2,B40)) -> 5 | R40: =(F40*G40) -> 4 | S40: =(I40+((F40-I40)*(1-K40)))*J40 -> 3 | T40: =(F40+((M40-F40)*(O40)))*N40 -> 4.3 | U40: =(R40+S40+T40)/3 -> 3.7666667 | V40: =U40/B40 -> 1.8833333 | W40: =U40*Q40 -> 18.833333 | X40: =V40*Q40 -> 9.4166667 | Y40: =IF(B40=1,5,MOD($Q$1,Q40)) -> 0 | Z40: =((X40/$Q$1)*Y40)+X40 -> 9.4166667 | AA40: =((W40/20)+1) -> 1.9416667 | AB40: =AA40^Z40 -> 517.18373 | AC40: =Z40^AA40 -> 77.80074 | AD40: =(AB40+AC40)/2 -> 297.49224
B41: 2 | D41: Direct | E41: spd | F41: -2 | G41: 1 | I41: -2 | J41: 1 | K41: 1 | M41: -2 | N41: 1 | O41: 1 | Q41: =_xlfn.FLOOR.MATH($Q$1/IF(B41=1,2,B41)) -> 5 | R41: =(F41*G41) -> -2 | S41: =(I41+((F41-I41)*(1-K41)))*J41 -> -2 | T41: =(F41+((M41-F41)*(O41)))*N41 -> -2 | U41: =(R41+S41+T41)/3 -> -2 | V41: =U41/B41 -> -1 | W41: =U41*Q41 -> -10 | X41: =V41*Q41 -> -5 | Y41: =IF(B41=1,5,MOD($Q$1,Q41)) -> 0 | Z41: =((X41/$Q$1)*Y41)+X41 -> -5 | AA41: =((W41/20)+1) -> 0.5 | AB41: =AA41^Z41 -> 32 | AC41: =Z41^AA41 -> #NUM! | AD41: =(AB41+AC41)/2 -> #NUM!
A42: Grosse fireball | B42: 4 | D42: Direct | E42: dmg | F42: 10 | G42: 1 | I42: 8 | J42: 1 | K42: 1 | M42: 12 | N42: 1 | O42: 0.33 | Q42: =_xlfn.FLOOR.MATH($Q$1/IF(B42=1,2,B42)) -> 2 | R42: =(F42*G42) -> 10 | S42: =(I42+((F42-I42)*(1-K42)))*J42 -> 8 | T42: =(F42+((M42-F42)*(O42)))*N42 -> 10.66 | U42: =(R42+S42+T42)/3 -> 9.5533333 | V42: =U42/B42 -> 2.3883333 | W42: =U42*Q42 -> 19.106667 | X42: =V42*Q42 -> 4.7766667 | Y42: =IF(B42=1,5,MOD($Q$1,Q42)) -> 0 | Z42: =((X42/$Q$1)*Y42)+X42 -> 4.7766667 | AA42: =((W42/20)+1) -> 1.9553333 | AB42: =AA42^Z42 -> 24.607342 | AC42: =Z42^AA42 -> 21.277256 | AD42: =(AB42+AC42)/2 -> 22.942299
A43: Kamikaze | B43: 3 | D43: Direct | E43: dmg | F43: 8 | G43: 1 | I43: 7 | J43: 1 | K43: 1 | M43: 9 | N43: 1 | O43: 1 | Q43: =_xlfn.FLOOR.MATH($Q$1/IF(B43=1,2,B43)) -> 3 | R43: =(F43*G43) -> 8 | S43: =(I43+((F43-I43)*(1-K43)))*J43 -> 7 | T43: =(F43+((M43-F43)*(O43)))*N43 -> 9 | U43: =(R43+S43+T43)/3 -> 8 | V43: =U43/B43 -> 2.6666667 | W43: =U43*Q43 -> 24 | X43: =V43*Q43 -> 8 | Y43: =IF(B43=1,5,MOD($Q$1,Q43)) -> 1 | Z43: =((X43/$Q$1)*Y43)+X43 -> 8.8 | AA43: =((W43/20)+1) -> 2.2 | AB43: =AA43^Z43 -> 1031.1446 | AC43: =Z43^AA43 -> 119.636 | AD43: =(AB43+AC43)/2 -> 575.39032
B44: 3 | D44: Direct | E44: hp | F44: -3 | G44: 1 | I44: -3 | J44: 1 | K44: 1 | M44: -3 | N44: 1 | O44: 1 | Q44: =_xlfn.FLOOR.MATH($Q$1/IF(B44=1,2,B44)) -> 3 | R44: =(F44*G44) -> -3 | S44: =(I44+((F44-I44)*(1-K44)))*J44 -> -3 | T44: =(F44+((M44-F44)*(O44)))*N44 -> -3 | U44: =(R44+S44+T44)/3 -> -3 | V44: =U44/B44 -> -1
A45: Energy leech | B45: 3 | D45: Direct | E45: enr | F45: 1 | G45: 1 | I45: 1 | J45: 1 | K45: 1 | M45: 2 | N45: 1 | O45: 0.3 | Q45: =_xlfn.FLOOR.MATH($Q$1/IF(B45=1,2,B45)) -> 3 | R45: =(F45*G45) -> 1 | S45: =(I45+((F45-I45)*(1-K45)))*J45 -> 1 | T45: =(F45+((M45-F45)*(O45)))*N45 -> 1.3 | U45: =(R45+S45+T45)/3 -> 1.1 | V45: =U45/B45 -> 0.36666667 | W45: =U45*Q45 -> 3.3 | X45: =V45*Q45 -> 1.1 | Y45: =IF(B45=1,5,MOD($Q$1,Q45)) -> 1 | Z45: =((X45/$Q$1)*Y45)+X45 -> 1.21 | AA45: =((W45/20)+1) -> 1.165 | AB45: =AA45^Z45 -> 1.2029688 | AC45: =Z45^AA45 -> 1.2486622 | AD45: =(AB45+AC45)/2 -> 1.2258155
B46: 3 | D46: Direct | E46: dmg | F46: 2 | G46: 1 | I46: 1 | J46: 1 | K46: 1 | M46: 3 | N46: 1 | O46: 1 | Q46: =_xlfn.FLOOR.MATH($Q$1/IF(B46=1,2,B46)) -> 3 | R46: =(F46*G46) -> 2 | S46: =(I46+((F46-I46)*(1-K46)))*J46 -> 1 | T46: =(F46+((M46-F46)*(O46)))*N46 -> 3 | U46: =(R46+S46+T46)/3 -> 2 | V46: =U46/B46 -> 0.66666667 | W46: =U46*Q46 -> 6 | X46: =V46*Q46 -> 2 | Y46: =IF(B46=1,5,MOD($Q$1,Q46)) -> 1 | Z46: =((X46/$Q$1)*Y46)+X46 -> 2.2 | AA46: =((W46/20)+1) -> 1.3 | AB46: =AA46^Z46 -> 1.781047 | AC46: =Z46^AA46 -> 2.7870803 | AD46: =(AB46+AC46)/2 -> 2.2840637
A47: Stun | B47: 3 | D47: Direct | E47: stun | F47: 1 | G47: 1 | I47: stn | J47: 1 | K47: 1 | M47: stn | N47: 1 | O47: 1
B48: 3 | D48: Direct | E48: dmg | F48: 2 | I48: 1 | J48: 1 | K48: 1 | M48: 3 | N48: 1 | O48: 1
A49: Energy buff | B49: 3 | D49: Direct | E49: enr | F49: 1 | G49: 1 | H49: 1 | I49: 1 | J49: 1 | K49: 1 | M49: 2 | N49: 1 | O49: 0.5
B50: 3 | D50: Direct | E50: hp | F50: 2 | I50: 1 | J50: 1 | K50: 1 | M50: 3 | N50: 1 | O50: 1
A51: Retaliate | B51: 3 | D51: Direct | E51: rtl | F51: 3 | G51: 1 | I51: 2 | J51: 1 | K51: 1 | M51: 3 | N51: 1 | O51: 1
D52: Temp | E52: rtl | F52: 3 | G52: 2 | I52: 2 | J52: 2 | K52: 1 | M52: 3 | N52: 2 | O52: 1
A53: Atk/balance | B53: 4 | D53: Direct | E53: dmg | F53: 9 | G53: 1 | I53: 8 | J53: 1 | K53: 1 | M53: 11 | N53: 1 | O53: 0.5 | Q53: =_xlfn.FLOOR.MATH($Q$1/IF(B53=1,2,B53)) -> 2 | R53: =(F53*G53) -> 9 | S53: =(I53+((F53-I53)*(1-K53)))*J53 -> 8 | T53: =(F53+((M53-F53)*(O53)))*N53 -> 10 | U53: =(R53+S53+T53)/3 -> 9 | V53: =U53/B53 -> 2.25 | W53: =(U53+U54+U55+U56)*Q53 -> 33.666667 | X53: =(V53+V54+V55+V56)*Q53 -> 8.4166667 | Y53: =IF(B53=1,5,MOD($Q$1,Q53)) -> 0 | Z53: =((X53/$Q$1)*Y53)+X53 -> 8.4166667 | AA53: =((W53/40)+1) -> 1.8416667 | AB53: =AA53^Z53 -> 170.684 | AC53: =Z53^AA53 -> 50.559147 | AD53: =(AB53+AC53)/2 -> 110.62157
B54: 4 | D54: Direct | E54: def | F54: 2 | G54: 1 | I54: 1 | J54: 1 | K54: 1 | M54: 3 | N54: 1 | O54: 0.5 | Q54: =_xlfn.FLOOR.MATH($Q$1/IF(B54=1,2,B54)) -> 2 | R54: =(F54*G54) -> 2 | S54: =(I54+((F54-I54)*(1-K54)))*J54 -> 1 | T54: =(F54+((M54-F54)*(O54)))*N54 -> 2.5 | U54: =(R54+S54+T54)/3 -> 1.8333333 | V54: =U54/B54 -> 0.45833333
B55: 4 | D55: SelfTemp | E55: hp | F55: 4 | G55: 1 | I55: 2 | J55: 1 | K55: 1 | M55: 6 | N55: 1 | O55: 1 | Q55: =_xlfn.FLOOR.MATH($Q$1/IF(B55=1,2,B55)) -> 2 | R55: =(F55*G55) -> 4 | S55: =(I55+((F55-I55)*(1-K55)))*J55 -> 2 | T55: =(F55+((M55-F55)*(O55)))*N55 -> 6 | U55: =(R55+S55+T55)/3 -> 4 | V55: =U55/B55 -> 1
B56: 4 | D56: SelfTemp | E56: def | F56: 2 | G56: 1 | I56: 2 | J56: 1 | K56: 1 | M56: 2 | N56: 1 | O56: 1 | Q56: =_xlfn.FLOOR.MATH($Q$1/IF(B56=1,2,B56)) -> 2 | R56: =(F56*G56) -> 2 | S56: =(I56+((F56-I56)*(1-K56)))*J56 -> 2 | T56: =(F56+((M56-F56)*(O56)))*N56 -> 2 | U56: =(R56+S56+T56)/3 -> 2 | V56: =U56/B56 -> 0.5
A57: Gros poison | B57: 3 | D57: Direct | E57: dmg | F57: 3 | G57: 1 | I57: 3 | J57: 1 | K57: 1 | M57: 4 | N57: 1 | O57: 0.5 | Q57: =_xlfn.FLOOR.MATH($Q$1/IF(B57=1,2,B57)) -> 3 | R57: =(F57*G57) -> 3 | S57: =(I57+((F57-I57)*(1-K57)))*J57 -> 3 | T57: =(F57+((M57-F57)*(O57)))*N57 -> 3.5 | U57: =(R57+S57+T57)/3 -> 3.1666667 | V57: =U57/B57 -> 1.0555556 | W57: =(U57+U58)*Q57 -> 21.5 | X57: =(V57+V58)*Q57 -> 7.1666667 | Y57: =IF(B57=1,5,MOD($Q$1,Q57)) -> 1 | Z57: =((X57/$Q$1)*Y57)+X57 -> 7.8833333 | AA57: =((W57/20)+1) -> 2.075 | AB57: =AA57^Z57 -> 315.61626 | AC57: =Z57^AA57 -> 72.555948 | AD57: =(AB57+AC57)/2 -> 194.0861
B58: 3 | D58: Temp | E58: dmg | F58: 2 | G58: 2 | I58: 2 | J58: 1 | K58: 1 | M58: 2 | N58: 3 | O58: 0.5 | Q58: =_xlfn.FLOOR.MATH($Q$1/IF(B58=1,2,B58)) -> 3 | R58: =(F58*G58) -> 4 | S58: =(I58+((F58-I58)*(1-K58)))*J58 -> 2 | T58: =(F58+((M58-F58)*(O58)))*N58 -> 6 | U58: =(R58+S58+T58)/3 -> 4 | V58: =U58/B58 -> 1.3333333
A59: Give auto roll | B59: 1 | D59: DIrect | E59: rol | F59: 1 | G59: 1 | I59: 1 | J59: 1 | K59: 1 | M59: 1 | N59: 1 | O59: 1
A60: Bear | B60: 2 | D60: DirectTeam | E60: def | F60: 2 | G60: 1 | I60: 1 | J60: 1 | K60: 0.5 | M60: 3 | N60: 1 | O60: 0.3 | Q60: =_xlfn.FLOOR.MATH($Q$1/IF(B60=1,2,B60)) -> 5 | R60: =(F60*G60) -> 2 | S60: =(I60+((F60-I60)*(1-K60)))*J60 -> 1.5 | T60: =(F60+((M60-F60)*(O60)))*N60 -> 2.3 | U60: =(R60+S60+T60)/3 -> 1.9333333 | V60: =U60/B60 -> 0.96666667 | W60: =(U60+U61)*Q60 -> 19.666667 | X60: =(V60+V61)*Q60 -> 9.8333333 | Y60: =IF(B60=1,5,MOD($Q$1,Q60)) -> 0 | Z60: =((X60/$Q$1)*Y60)+X60 -> 9.8333333 | AA60: =((W60/20)+1) -> 1.9833333 | AB60: =AA60^Z60 -> 840.21641 | AC60: =Z60^AA60 -> 93.080029 | AD60: =(AB60+AC60)/2 -> 466.64822
B61: 2 | D61: TempTeam | E61: def | F61: 2 | G61: 1 | I61: 2 | J61: 1 | K61: 1 | M61: 2 | N61: 1 | O61: 1 | Q61: =_xlfn.FLOOR.MATH($Q$1/IF(B61=1,2,B61)) -> 5 | R61: =(F61*G61) -> 2 | S61: =(I61+((F61-I61)*(1-K61)))*J61 -> 2 | T61: =(F61+((M61-F61)*(O61)))*N61 -> 2 | U61: =(R61+S61+T61)/3 -> 2 | V61: =U61/B61 -> 1
A62: Eagle | B62: 3 | D62: DirectAll | E62: dmg | F62: 12 | G62: 1 | I62: 9 | J62: 1 | K62: 1 | M62: 15 | N62: 1 | O62: 0.5 | Q62: =_xlfn.FLOOR.MATH($Q$1/IF(B62=1,2,B62)) -> 3 | R62: =(F62*G62) -> 12 | S62: =(I62+((F62-I62)*(1-K62)))*J62 -> 9 | T62: =(F62+((M62-F62)*(O62)))*N62 -> 13.5 | U62: =(R62+S62+T62)/3 -> 11.5 | V62: =U62/B62 -> 3.8333333 | W62: =U62*Q62 -> 34.5 | X62: =V62*Q62 -> 11.5 | Y62: =IF(B62=1,5,MOD($Q$1,Q62)) -> 1 | Z62: =((X62/$Q$1)*Y62)+X62 -> 12.65 | AA62: =((W62/60)+1) -> 1.575 | AB62: =AA62^Z62 -> 313.03944 | AC62: =Z62^AA62 -> 54.424266 | AD62: =(AB62+AC62)/2 -> 183.73185
